"","SpecCode","Species","autoctr","StockCode","MaturityRefNo","Sex","AgeMatMin","AgeMatMin2","AgeMatRef","tm","Number","r2","SE_tm","SD_tm","LCL_tm","UCL_tm","LengthMatMin","LengthMatMin2","Type1","LengthMatRef","Lm","SE_Lm","SD_Lm","LCL_Lm","UCL_Lm","Locality","C_Code","E_CODE","Comment","Entered","DateEntered","Modified","DateModified","Expert","DateChecked","TS"
"1",1696,"Atherina boyeri",1663,1892,5455,"female",NA,NA,NA,1,NA,NA,NA,NA,NA,NA,NA,NA,"SL",NA,3.90000009536743,NA,NA,NA,NA,"Aberthaw Lagoon, Bristol Channel","826",NA,NA,3,1993-07-05 00:00:00,NA,1993-07-05 00:00:00,NA,NA,NA
"2",1696,"Atherina boyeri",3561,1892,40546,"unsexed",1,NA,40702,NA,NA,NA,NA,NA,NA,NA,4.90000009536743,5.80000019073486,"TL",40702,NA,NA,NA,NA,NA,"southern Mediterranean","250",NA,NA,2,2001-11-27 00:00:00,NA,2001-11-27 00:00:00,NA,NA,NA
"3",1696,"Atherina boyeri",6909,1892,75666,"female",NA,NA,NA,NA,NA,NA,NA,NA,NA,NA,5.19999980926514,NA,"TL",75666,7.75,NA,NA,NA,NA,"Mala Neretva River (2001-2002)","191",546,NA,1817,2008-05-13 00:00:00,NA,2008-05-13 00:00:00,NA,NA,NA
"4",58,"Coris julis",170,68,231,"unsexed",NA,NA,4742,1,NA,NA,NA,NA,NA,NA,NA,NA,NA,NA,NA,NA,NA,NA,NA,"Mediterranean Sea",NA,13,NA,2,1991-01-31 00:00:00,2,2008-01-09 00:00:00,NA,NA,NA
"5",1752,"Diplodus annularis",6865,1948,56,"female",2,NA,75554,NA,NA,NA,NA,NA,NA,NA,NA,NA,NA,NA,NA,NA,NA,NA,NA,"Black Sea",NA,NA,NA,1723,2008-04-29 23:17:25,NA,2008-04-29 23:17:25,NA,NA,NA
"6",1752,"Diplodus annularis",6114,1948,4781,"unsexed",NA,NA,NA,1,NA,NA,NA,NA,NA,NA,NA,NA,"TL",4781,10,NA,NA,NA,NA,"Eastern Atlantic and Mediterranean Sea",NA,NA,NA,2,2008-01-09 00:00:00,NA,2008-01-09 00:00:00,NA,NA,NA
"7",1752,"Diplodus annularis",3951,1948,43773,"female",NA,NA,43773,2,NA,NA,NA,NA,NA,NA,NA,NA,"TL",43773,12.8000001907349,NA,NA,NA,NA,"off Gran Canaria, 1998","724A",NA,NA,3,2002-10-16 00:00:00,NA,2002-10-16 00:00:00,NA,NA,NA
"8",1752,"Diplodus annularis",3950,1948,43773,"male",NA,NA,43773,1,NA,NA,NA,NA,NA,NA,NA,NA,"TL",43773,10.3000001907349,NA,NA,NA,NA,"off Gran Canaria, 1998","724A",NA,NA,3,2002-10-16 00:00:00,NA,2002-10-16 00:00:00,NA,NA,NA
"9",1752,"Diplodus annularis",6866,1948,56606,"male",1,NA,75554,NA,NA,NA,NA,NA,NA,NA,NA,NA,NA,NA,NA,NA,NA,NA,NA,"Black Sea",NA,NA,NA,1723,2008-04-29 23:18:28,NA,2008-04-29 23:18:28,NA,NA,NA
"10",1752,"Diplodus annularis",7478,1948,57484,"female",NA,NA,NA,NA,NA,NA,NA,NA,NA,NA,7.5,19.6000003814697,NA,NA,NA,NA,NA,NA,NA,"Eastern Adriatic Sea","191",546,NA,1001,2011-05-17 00:00:00,NA,2011-05-17 00:00:00,NA,NA,NA
"11",1752,"Diplodus annularis",7479,1948,57484,"male",NA,NA,NA,NA,NA,NA,NA,NA,NA,NA,8.69999980926514,20,NA,NA,NA,NA,NA,NA,NA,"Eastern Adriatic Sea","191",546,NA,1001,2011-05-17 00:00:00,NA,2011-05-17 00:00:00,NA,NA,NA
"12",1752,"Diplodus annularis",7831,1948,59263,"female",NA,NA,NA,NA,NA,NA,NA,NA,NA,NA,NA,NA,"TL",NA,13.4399995803833,NA,NA,NA,NA,"Algarve","620",NA,NA,1001,2012-06-19 19:40:47,NA,2012-06-19 19:40:47,NA,NA,NA
"13",1752,"Diplodus annularis",7832,1948,59263,"male",NA,NA,NA,NA,NA,NA,NA,NA,NA,NA,NA,NA,"TL",NA,12.8699998855591,NA,NA,NA,NA,"Algarve","620",NA,NA,1001,2012-06-19 19:41:33,NA,2012-06-19 19:41:33,NA,NA,NA
"14",1752,"Diplodus annularis",7480,1948,86706,"unsexed",NA,NA,NA,NA,NA,NA,NA,NA,NA,NA,NA,NA,NA,NA,9,NA,NA,NA,NA,"Eastern Adriatic Sea","191",546,NA,1001,2011-05-17 00:00:00,NA,2011-05-17 00:00:00,NA,NA,NA
"15",1752,"Diplodus annularis",7839,1948,86720,"female",2,3,NA,NA,NA,NA,NA,NA,NA,NA,NA,NA,"TL",NA,10,NA,NA,NA,NA,"Eastern central Adriatic Sea","191",NA,"7.0% females at estimated age-2 were mature. All sampled specimens were fully mature above 13 cm TL.",1001,2012-06-22 15:28:18,NA,2012-06-22 15:28:18,NA,NA,NA
"16",1752,"Diplodus annularis",7838,1948,86720,"male",2,3,NA,NA,NA,NA,NA,NA,NA,NA,8,NA,"TL",NA,9,NA,NA,NA,NA,"Eastern central Adriatic Sea","191",NA,"29.0% males at estimated age-2 were mature. All sampled specimens were fully mature above 13 cm TL.",1001,2012-06-22 15:26:25,1001,2012-06-22 15:29:14,NA,NA,NA
"17",1752,"Diplodus annularis",7828,1948,90296,"female",NA,NA,NA,NA,NA,NA,NA,NA,NA,NA,9,NA,"TL",NA,10,NA,NA,NA,NA,"Kerkennah Island","788",NA,NA,1001,2012-06-19 19:26:51,NA,2012-06-19 19:26:51,NA,NA,NA
"18",1752,"Diplodus annularis",7827,1948,90296,"male",NA,NA,NA,NA,NA,NA,NA,NA,NA,NA,8,NA,"TL",NA,9.5,NA,NA,NA,NA,"Kerkennah Island","788",NA,NA,1001,2012-06-19 19:25:51,NA,2012-06-19 19:25:51,NA,NA,NA
"19",1752,"Diplodus annularis",7829,1948,90297,"female",NA,NA,NA,NA,NA,NA,NA,NA,NA,NA,NA,NA,"TL",NA,11.6000003814697,NA,NA,NA,NA,"Urla Harbor","792",NA,NA,1001,2012-06-19 19:38:04,NA,2012-06-19 19:38:04,NA,NA,NA
"20",1752,"Diplodus annularis",7830,1948,90297,"male",NA,NA,NA,NA,NA,NA,NA,NA,NA,NA,NA,NA,"TL",NA,11.3999996185303,NA,NA,NA,NA,"Urla Harbor","792",NA,NA,1001,2012-06-19 19:38:32,NA,2012-06-19 19:38:32,NA,NA,NA
"21",1752,"Diplodus annularis",7833,1948,90298,"unsexed",NA,NA,NA,NA,NA,NA,NA,NA,NA,NA,NA,NA,"TL",NA,12.6000003814697,NA,NA,NA,NA,"coasts of Annaba","012",NA,NA,1001,2012-06-19 19:52:25,NA,2012-06-19 19:52:25,NA,NA,NA
"22",1752,"Diplodus annularis",7840,1948,90334,"female",NA,NA,NA,NA,NA,NA,NA,NA,NA,NA,NA,NA,"FL",NA,9.5,NA,NA,NA,NA,"Izmir Bay","792",548,NA,1001,2012-06-22 15:45:36,2,2012-10-01 00:00:00,NA,NA,NA
"23",1749,"Diplodus puntazzo",NA,NA,NA,NA,NA,NA,NA,NA,NA,NA,NA,NA,NA,NA,NA,NA,NA,NA,NA,NA,NA,NA,NA,NA,NA,NA,NA,NA,NA,NA,NA,NA,NA,NA
"24",1753,"Diplodus sargus",6115,1949,4781,"unsexed",NA,NA,4781,2,NA,NA,NA,NA,NA,NA,NA,NA,"TL",4781,17,NA,NA,NA,NA,"eastern Atlantic",NA,NA,NA,2,2008-01-09 00:00:00,NA,2008-01-09 00:00:00,NA,NA,NA
"25",1753,"Diplodus sargus",4010,1949,45888,"female",4,NA,NA,NA,NA,NA,NA,NA,NA,NA,25,NA,"TL",NA,NA,NA,NA,NA,NA,"North of Spain","724",NA,NA,1057,2003-02-24 00:00:00,NA,2003-02-24 00:00:00,NA,NA,NA
"26",1753,"Diplodus sargus",4011,1949,45888,"male",3,NA,NA,NA,NA,NA,NA,NA,NA,NA,20,NA,"TL",NA,NA,NA,NA,NA,NA,"North of Spain ","724",NA,NA,1057,2003-02-24 00:00:00,NA,2003-02-24 00:00:00,NA,NA,NA
"27",1753,"Diplodus sargus",4519,1949,52202,"mixed",NA,NA,52202,2.11999988555908,NA,NA,NA,NA,NA,NA,NA,NA,"TL",52202,16.7299995422363,NA,NA,NA,NA,"Faial Island (Aug 1997- July 1999), Corvo and Santa Maria islands (each summer 1997-1999)","620B",NA,NA,2,2004-09-30 00:00:00,NA,2004-10-05 00:00:00,NA,NA,NA
"28",1753,"Diplodus sargus",9002,1949,108834,"female",NA,NA,96900,4,NA,NA,NA,NA,NA,NA,NA,NA,NA,NA,NA,NA,NA,NA,NA,"Algerian coast (2005-2006)","012",13,NA,2,2016-06-21 00:00:00,NA,2016-06-21 00:00:00,NA,NA,NA
"29",1753,"Diplodus sargus",8998,1949,108834,"female",NA,NA,91877,4,NA,NA,NA,NA,NA,NA,NA,NA,NA,NA,NA,NA,NA,NA,NA,"Gulf of Tunis (2002-2004)","788",13,NA,2,2016-06-21 00:00:00,NA,2016-06-21 00:00:00,NA,NA,NA
"30",1753,"Diplodus sargus",9000,1949,108834,"male",NA,NA,96900,4,NA,NA,NA,NA,NA,NA,NA,NA,NA,NA,NA,NA,NA,NA,NA,"Algerian coast (2005-2006)","012",13,NA,2,2016-06-21 00:00:00,NA,2016-06-21 00:00:00,NA,NA,NA
"31",1753,"Diplodus sargus",8999,1949,108834,"male",NA,NA,91877,4,NA,NA,NA,NA,NA,NA,NA,NA,NA,NA,NA,NA,NA,NA,NA,"Gulf of Tunis (2002-2004)","788",13,NA,2,2016-06-21 00:00:00,NA,2016-06-21 00:00:00,NA,NA,NA
"32",4582,"Labrus merula",6131,4768,4742,"unsexed",NA,NA,4742,2,NA,NA,NA,NA,NA,NA,15,20,"TL",4742,NA,NA,NA,NA,NA,"Mediterranean",NA,NA,NA,2,2008-01-10 00:00:00,NA,2008-01-10 00:00:00,NA,NA,NA
"33",785,"Mugil cephalus",1034,801,2285,"unsexed",7,8,48660,NA,NA,NA,NA,NA,NA,NA,NA,NA,"SL",NA,27,NA,NA,NA,NA,"lagoon","788",NA,NA,22,1992-03-09 00:00:00,2,2008-10-10 00:00:00,NA,NA,NA
"34",785,"Mugil cephalus",1035,801,6390,"unsexed",NA,3,28724,NA,NA,NA,NA,NA,NA,NA,30,35,NA,28724,NA,NA,NA,NA,NA,"Western Australia","036",NA,NA,2,1999-03-26 00:00:00,NA,1999-03-26 00:00:00,NA,NA,NA
"35",785,"Mugil cephalus",1036,801,7253,"female",NA,NA,NA,2,NA,NA,NA,NA,NA,NA,NA,NA,"TL",NA,33,NA,NA,NA,NA,"Gulf of Lion","250",NA,NA,3,1996-10-23 00:00:00,NA,1996-10-23 00:00:00,NA,NA,NA
"36",785,"Mugil cephalus",1037,801,7253,"male",NA,NA,NA,2,NA,NA,NA,NA,NA,NA,NA,NA,"TL",NA,31,NA,NA,NA,NA,"Gulf of Lion","250",NA,NA,3,1996-10-23 00:00:00,NA,1996-10-23 00:00:00,NA,NA,NA
"37",785,"Mugil cephalus",1038,801,11063,"unsexed",2,3,11281,NA,NA,NA,NA,NA,NA,NA,20,35.5,"NG",11281,NA,NA,NA,NA,NA,"Taiwan","156A",NA,NA,3,1996-06-18 00:00:00,NA,1996-06-18 00:00:00,NA,NA,NA
"38",785,"Mugil cephalus",3949,801,36731,"unsexed",3,4,NA,NA,NA,NA,NA,NA,NA,NA,45,NA,"TL",NA,NA,NA,NA,NA,NA,"Namibia","516",NA,NA,393,2002-10-16 00:00:00,NA,2002-10-16 00:00:00,NA,NA,NA
"39",785,"Mugil cephalus",7010,801,39707,"unsexed",3,4,74902,NA,NA,NA,NA,NA,NA,NA,NA,NA,NA,NA,NA,NA,NA,NA,NA,"coastal waters","156",NA,"This mature population migrates to southwestern Taiwan to spawn during December-January (Ref. 39707).",2,2008-10-16 00:00:00,NA,2008-10-16 00:00:00,NA,NA,NA
"40",785,"Mugil cephalus",5399,801,56557,"unsexed",6,8,56557,NA,NA,NA,NA,NA,NA,NA,30,40,"TL",56557,NA,NA,NA,NA,NA,"Primorye","643",NA,NA,1287,2006-03-27 20:58:03,NA,2006-03-27 20:58:03,NA,NA,NA
"41",785,"Mugil cephalus",5764,801,58350,"unsexed",NA,NA,NA,NA,NA,NA,NA,NA,NA,NA,NA,NA,"SL",58350,34,NA,NA,NA,NA,"southern African estuaries","710",NA,NA,2,2007-05-30 00:00:00,NA,2007-05-30 00:00:00,NA,NA,NA
"42",785,"Mugil cephalus",6259,801,59043,"female",3,NA,NA,NA,NA,NA,NA,NA,NA,NA,NA,NA,NA,NA,NA,NA,NA,NA,NA,"Europe",NA,NA,NA,1790,2008-01-29 18:56:24,2,2014-04-30 00:00:00,NA,NA,NA
"43",785,"Mugil cephalus",6258,801,59043,"male",2,NA,NA,NA,NA,NA,NA,NA,NA,NA,NA,NA,NA,NA,NA,NA,NA,NA,NA,"Europe",NA,NA,NA,1790,2008-01-29 18:56:07,2,2014-04-30 00:00:00,NA,NA,NA
"44",785,"Mugil cephalus",7005,801,79023,"female",3,NA,79024,6,NA,NA,NA,NA,NA,NA,29.8999996185303,NA,"TL",79024,37.7000007629395,NA,NA,NA,NA,"Tamiahua Lagoon, Veracruz (21°06'-22°06' N and 97°23'-97°46' W, April 1991-Mar 1992)","484",144,NA,2,2008-10-10 00:00:00,NA,2008-10-10 00:00:00,NA,NA,NA
"45",785,"Mugil cephalus",7004,801,79023,"male",3,NA,79024,6,NA,NA,NA,NA,NA,NA,28,NA,"TL",79024,37.2999992370605,NA,NA,NA,NA,"Tamiahua Lagoon, Veracruz (21°06'-22°06' N and 97°23'-97°46' W, April 1991-Mar 1992)","484",144,NA,2,2008-10-10 00:00:00,NA,2008-10-10 00:00:00,NA,NA,NA
"46",204,"Sarpa salpa",472,218,4332,"female",NA,NA,NA,NA,NA,NA,NA,NA,NA,NA,NA,NA,"FL",4346,16.5,NA,NA,NA,NA,"Natal","710",NA,"Or 15 cm SL (Ref. 58350).",3,1993-10-23 00:00:00,2,2007-05-30 00:00:00,3,1995-04-01,NA
"47",204,"Sarpa salpa",473,218,4332,"male",NA,NA,NA,NA,NA,NA,NA,NA,NA,NA,NA,NA,"FL",4346,14.5,NA,NA,NA,NA,"Natal","710",NA,"Or 13.5 cm SL (Ref. 58350).",3,1993-10-23 00:00:00,2,2007-05-30 00:00:00,3,1995-04-01,NA
"48",204,"Sarpa salpa",9016,218,108834,"male",NA,NA,NA,2,NA,NA,NA,NA,NA,NA,NA,NA,NA,NA,NA,NA,NA,NA,NA,"Adriatic Sea (2004)",NA,546,NA,2,2016-06-21 00:00:00,NA,2016-06-21 00:00:00,NA,NA,NA
"49",1761,"Serranus scriba",7878,1957,56425,"unsexed",NA,NA,NA,NA,NA,NA,NA,NA,NA,NA,16.2999992370605,NA,"TL",NA,17.2999992370605,NA,NA,NA,NA,"Lanzarote Island","724",8,NA,65,2012-08-23 00:00:00,NA,2012-08-23 00:00:00,NA,NA,NA
"50",2500,"Thalassoma pavo",NA,NA,NA,NA,NA,NA,NA,NA,NA,NA,NA,NA,NA,NA,NA,NA,NA,NA,NA,NA,NA,NA,NA,NA,NA,NA,NA,NA,NA,NA,NA,NA,NA,NA
"51",1353,"Serranus cabrilla",1408,1371,27030,"female",NA,NA,NA,NA,NA,NA,NA,NA,NA,NA,NA,NA,"FL",27055,17.5,NA,NA,NA,NA,"North Aegean Sea, 1991-93","300",NA,NA,3,1998-07-30 00:00:00,NA,1998-07-30 00:00:00,NA,NA,NA
"52",1353,"Serranus cabrilla",7513,1371,52599,"unsexed",NA,NA,NA,NA,NA,NA,NA,NA,NA,NA,13.6000003814697,17.1000003814697,"SL",52599,15.1999998092651,NA,NA,NA,NA,"Canary Island (Sept 1992-July 1993)","724A",NA,NA,1001,2011-05-17 00:00:00,2,2019-10-01 00:00:00,NA,NA,NA
"53",1353,"Serranus cabrilla",7836,1371,58127,"unsexed",NA,NA,NA,NA,NA,NA,NA,NA,NA,NA,NA,NA,"FL",NA,15,NA,NA,NA,NA,"Edremit Gulf","792",NA,NA,1001,2012-06-20 19:55:05,NA,2012-06-20 19:55:05,NA,NA,NA
"54",1353,"Serranus cabrilla",7514,1371,86710,"unsexed",NA,NA,NA,NA,NA,NA,NA,NA,NA,NA,10,15,"TL",86710,13.1999998092651,NA,NA,NA,NA,"Izmir Bay, 2005","792",NA,NA,1001,2011-05-17 00:00:00,3,2012-06-04 00:36:53,NA,NA,NA
"55",1353,"Serranus cabrilla",7837,1371,90291,"unsexed",NA,NA,NA,NA,NA,NA,NA,NA,NA,NA,NA,NA,"SL",NA,10,NA,NA,NA,NA,"Tunisian coasts","788",NA,NA,1001,2012-06-22 15:03:58,NA,2012-06-22 15:03:58,NA,NA,NA
"56",1709,"Symphodus roissali",6142,1905,4742,"unsexed",NA,NA,4742,1,NA,NA,NA,NA,NA,NA,5,7,"TL",4742,NA,NA,NA,NA,NA,"Mediterranean",NA,NA,NA,2,2008-01-11 00:00:00,NA,2008-01-11 00:00:00,NA,NA,NA
"57",1708,"Symphodus tinca",6143,1904,4742,"female",NA,NA,4742,2,NA,NA,NA,NA,NA,NA,NA,NA,"TL",4742,10,NA,NA,NA,NA,"Mediterranean and Black Sea",NA,NA,NA,2,2008-01-11 00:00:00,NA,2008-01-11 00:00:00,NA,NA,NA
"58",1708,"Symphodus tinca",6144,1904,4742,"male",2,3,4742,NA,NA,NA,NA,NA,NA,NA,NA,NA,"TL",4742,10.5,NA,NA,NA,NA,"Mediterranean and Black Sea",NA,NA,NA,2,2008-01-11 00:00:00,NA,2008-01-11 00:00:00,NA,NA,NA
"59",1708,"Symphodus tinca",3966,1904,44410,"female",NA,NA,NA,NA,NA,NA,NA,NA,NA,NA,11.5,15.1999998092651,"TL",44410,NA,NA,NA,NA,NA,"Sfax coasts","788",NA,"Mean size of 25% matured females: 11.5 cm; 50% (13.4 cm); 75% (15.2 cm).",2,2002-12-04 00:00:00,NA,2002-12-04 00:00:00,NA,NA,NA
"60",1708,"Symphodus tinca",3968,1904,44410,"male",NA,NA,NA,NA,NA,NA,NA,NA,NA,NA,10.8000001907349,15.3000001907349,"TL",44410,NA,NA,NA,NA,NA,"Sfax coasts","788",NA,"Mean size of 25% matured males: 10.8 cm; 50% (13.1 cm); 75% (15.3 cm).",2,2002-12-04 00:00:00,NA,2002-12-04 00:00:00,NA,NA,NA
"61",1706,"Chromis chromis",NA,NA,NA,NA,NA,NA,NA,NA,NA,NA,NA,NA,NA,NA,NA,NA,NA,NA,NA,NA,NA,NA,NA,NA,NA,NA,NA,NA,NA,NA,NA,NA,NA,NA
"62",51659,"Labrus viridis",6132,43163,4742,"unsexed",2,NA,4742,NA,NA,NA,NA,NA,NA,NA,16,NA,"TL",4742,NA,NA,NA,NA,NA,"Mediterranean",NA,NA,NA,2,2008-01-10 00:00:00,NA,2008-01-10 00:00:00,NA,NA,NA
"63",850,"Oblada melanura",3746,866,41443,"mixed",2,4,41443,NA,NA,NA,NA,NA,NA,NA,NA,NA,NA,NA,NA,NA,NA,NA,NA,"Mediterranean","380",NA,NA,1,2002-03-02 00:00:00,NA,2002-03-02 00:00:00,NA,NA,NA
"64",1693,"Apogon imberbis",8191,1888,93355,"female",NA,NA,NA,1,NA,NA,NA,NA,NA,NA,NA,5.5,"TL",NA,NA,NA,NA,NA,NA,"off Blanes","724",13,NA,2,2013-04-29 00:00:00,NA,2013-04-29 00:00:00,NA,NA,NA
"65",1693,"Apogon imberbis",8192,1888,93355,"male",NA,NA,NA,1,NA,NA,NA,NA,NA,NA,NA,5.5,"TL",NA,NA,NA,NA,NA,NA,"off Blanes","724",13,NA,2,2013-04-29 00:00:00,NA,2013-04-29 00:00:00,NA,NA,NA
"66",6470,"Epinephelus marginatus",4022,6792,45918,"female",5,17,NA,5,NA,NA,NA,NA,NA,NA,NA,NA,NA,NA,NA,NA,NA,NA,NA,"Southern Mediterranean (1994-1996)","724",13,"Also Ref. 45918.",1057,2003-02-26 00:00:00,2,2017-11-16 00:00:00,NA,NA,NA
"67",6470,"Epinephelus marginatus",9610,6792,49726,"female",NA,NA,NA,NA,NA,NA,NA,NA,NA,NA,36.7000007629395,NA,"SL",49726,43.7999992370605,NA,NA,NA,NA,"Pelagie Islands (1994-1997)","380",13,NA,2,2017-11-16 00:00:00,NA,2017-11-16 00:00:00,NA,NA,NA
"68",6470,"Epinephelus marginatus",9611,6792,49726,"male",NA,NA,NA,NA,NA,NA,NA,NA,NA,NA,NA,NA,"SL",49726,81.3000030517578,NA,NA,NA,NA,"Pelagie Islands (1994-1997)","380",13,NA,2,2017-11-16 00:00:00,NA,2017-11-16 00:00:00,NA,NA,NA
"69",6470,"Epinephelus marginatus",4370,6792,51466,"female",NA,NA,NA,NA,NA,NA,NA,NA,NA,NA,NA,NA,"TL",51466,47,NA,NA,NA,NA,"Santa Catarina Island, 1998-2000","076",NA,"Lm = length at which 50% of the females in the population reached maturity. This length conrresponded to a 2,000 g adult.",2,2004-07-27 00:00:00,NA,2004-07-27 00:00:00,NA,NA,NA
"70",6470,"Epinephelus marginatus",4371,6792,51466,"unsexed",5,NA,5550,NA,NA,NA,NA,NA,NA,NA,45,55,"TL",5550,NA,NA,NA,NA,NA,"to be filled","788",NA,"In Tunisia and the Azores, sex reversal occurs when females are about 14-17 years of age and between 80 to 90 cm TL (Ref. 51466).",2,2004-07-27 00:00:00,NA,2004-07-27 00:00:00,NA,NA,NA
"71",6470,"Epinephelus marginatus",9609,6792,94520,"female",5,7,94520,6.30000019073486,NA,NA,NA,NA,6.09999990463257,6.40000009536743,38.5999984741211,54,"TL",NA,49.0999984741211,NA,NA,47.2999992370605,51,"Balearic Islands (1998-2004)","724",1118,NA,2,2017-11-13 00:00:00,NA,2017-11-13 00:00:00,NA,NA,NA
"72",6470,"Epinephelus marginatus",9013,6792,108834,"female",NA,NA,NA,6.30000019073486,NA,NA,NA,NA,NA,NA,NA,NA,NA,NA,NA,NA,NA,NA,NA,"Balearic Sea (1998-2004)","724",13,NA,2,2016-06-21 00:00:00,NA,2016-06-21 00:00:00,NA,NA,NA
"73",6470,"Epinephelus marginatus",9012,6792,108834,"female",NA,NA,92674,7,NA,NA,NA,NA,NA,NA,NA,NA,"TL",92674,57,NA,NA,NA,NA,"Eastern Algerian coast (1993-1994)","012",13,NA,2,2016-06-21 00:00:00,2,2017-11-16 00:00:00,NA,NA,NA
"74",6470,"Epinephelus marginatus",9015,6792,108834,"male",NA,NA,49726,12,NA,NA,NA,NA,NA,NA,NA,NA,NA,NA,NA,NA,NA,NA,NA,"Southern Mediterranean (1994-1996)","724",13,NA,2,2016-06-21 00:00:00,NA,2016-06-21 00:00:00,NA,NA,NA
"75",1005,"Seriola dumerili",3526,1021,33239,"female",3,5,33239,4,NA,NA,NA,NA,NA,NA,80,127,"SL",33239,109,NA,NA,NA,NA,"Pelagie Islands (1990-1992)","380",NA,"50% of fish attained maturity at a median standard length of 109 cm (Ref. 33239).",2,2001-11-15 00:00:00,2,2016-06-21 00:00:00,NA,NA,NA
"76",1005,"Seriola dumerili",3527,1021,33239,"male",2,5,33239,3.5,NA,NA,NA,NA,NA,NA,61,127,"SL",33239,113,NA,NA,NA,NA,"Pelagie Islands (1990-1992)","380",NA,"50% of fish attained maturity at a median standard length of 113 cm (Ref. 33239).",2,2001-11-15 00:00:00,2,2016-06-21 00:00:00,NA,NA,NA
"77",1005,"Seriola dumerili",4917,1021,54745,"mixed",3,5,54745,NA,NA,NA,NA,NA,NA,NA,75,107,"TL",54745,NA,NA,NA,NA,NA,"Donji Molunat Bay, Adriatic Sea, 1997","191",NA,NA,3,2005-07-29 00:00:00,NA,2005-07-29 00:00:00,NA,NA,NA
"78",1005,"Seriola dumerili",9310,1021,113943,"female",NA,NA,113943,4,NA,NA,NA,NA,NA,NA,NA,NA,"FL",113943,90,NA,NA,NA,NA,"entire Gulf of Mexico, 1990-2008",NA,144,NA,3,2017-01-19 00:00:00,NA,2017-01-19 00:00:00,NA,NA,NA
"79",NA,"Symphodus melanocercus",NA,NA,NA,NA,NA,NA,NA,NA,NA,NA,NA,NA,NA,NA,NA,NA,NA,NA,NA,NA,NA,NA,NA,NA,NA,NA,NA,NA,NA,NA,NA,NA,NA,NA
"80",1729,"Muraena helena",8574,1925,58348,"female",NA,NA,58348,7.09999990463257,16,0.8276,NA,NA,NA,NA,NA,NA,"TL",NA,75.0999984741211,NA,NA,NA,NA,"Fishing ports (1985-1994)","724A",8,NA,2,2015-01-12 00:00:00,NA,2015-01-12 00:00:00,NA,NA,NA
"81",1729,"Muraena helena",8576,1925,98745,"female",NA,NA,NA,NA,NA,NA,NA,NA,NA,NA,68.5999984741211,NA,"TL",98745,76,NA,NA,NA,NA,"Dubrovnik, Elafiti Archipelago, Mljet and Sveti Andrija islands (Oct 2009-Dec 2010)","191",546,NA,2,2015-01-14 00:00:00,NA,2015-01-14 00:00:00,NA,NA,NA
"82",1729,"Muraena helena",8577,1925,98745,"male",NA,NA,NA,NA,NA,NA,NA,NA,NA,NA,NA,NA,"TL",98745,79,NA,NA,NA,NA,"Dubrovnik, Elafiti Archipelago, Mljet and Sveti Andrija islands (Oct 2009-Dec 2010)","191",546,NA,2,2015-01-14 00:00:00,NA,2015-01-14 00:00:00,NA,NA,NA
"83",1707,"Sciaena umbra",1664,1903,9505,"female",NA,NA,9505,3,NA,NA,NA,NA,NA,NA,NA,NA,"TL",9505,25,NA,NA,NA,NA,"W. Mediterranean, Northern Tunisia","788",NA,NA,32,1995-07-02 00:00:00,21,1995-11-06 00:00:00,119,1995-11-06,NA
"84",1707,"Sciaena umbra",1665,1903,9505,"male",NA,NA,9505,3,NA,NA,NA,NA,NA,NA,NA,NA,"TL",9505,25,NA,NA,NA,NA,"W. Mediterranean, Northern Tunisia","788",NA,NA,32,1995-07-02 00:00:00,21,1995-07-02 00:00:00,NA,NA,NA
"85",1707,"Sciaena umbra",10054,1903,122054,"female",NA,NA,NA,NA,NA,NA,NA,NA,NA,NA,NA,NA,"TL",122054,22,NA,NA,NA,NA,"off Trabzon / 2002-2003","792",143,"Mean Lm is Lm(50%).",2448,2020-04-27 00:00:00,NA,2020-04-27 00:00:00,NA,NA,NA
"86",1707,"Sciaena umbra",10053,1903,122054,"male",NA,NA,NA,NA,NA,NA,NA,NA,NA,NA,NA,NA,"TL",122054,19.25,NA,NA,NA,NA,"off Trabzon / 2002-2003","792",143,"Mean Lm is Lm(50%).",2448,2020-04-27 00:00:00,NA,2020-04-27 00:00:00,NA,NA,NA
"87",1327,"Mullus surmuletus",1359,1345,6014,"female",NA,NA,NA,NA,NA,NA,NA,NA,NA,NA,NA,NA,"TL",6014,18,NA,NA,NA,NA,"Gulf of Biscay","250",NA,NA,3,1993-10-19 00:00:00,NA,1993-10-19 00:00:00,NA,NA,NA
"88",1327,"Mullus surmuletus",1360,1345,6014,"male",NA,NA,NA,NA,NA,NA,NA,NA,NA,NA,NA,NA,"TL",6014,16,NA,NA,NA,NA,"Gulf of Biscay","250",NA,NA,3,1993-10-19 00:00:00,NA,1993-10-19 00:00:00,NA,NA,NA
"89",1327,"Mullus surmuletus",1361,1345,27030,"female",NA,NA,NA,NA,NA,NA,NA,NA,NA,NA,NA,NA,"FL",27049,13.8000001907349,NA,NA,NA,NA,"Central Aegean Sea, 1990-92","300",NA,NA,3,1998-07-29 00:00:00,NA,1998-07-29 00:00:00,NA,NA,NA
"90",1327,"Mullus surmuletus",3218,1345,35388,"unsexed",2,NA,NA,NA,NA,NA,NA,NA,NA,NA,NA,NA,NA,NA,NA,NA,NA,NA,NA,"Channel area",NA,NA,NA,393,2001-01-30 00:00:00,NA,2001-01-30 00:00:00,NA,NA,NA
"91",1327,"Mullus surmuletus",3571,1345,40546,"unsexed",2,NA,40707,NA,NA,NA,NA,NA,NA,NA,22,NA,"TL",40707,NA,NA,NA,NA,NA,"Bay of Biscay","250",NA,NA,2,2001-11-27 00:00:00,NA,2001-11-27 00:00:00,NA,NA,NA
"92",1327,"Mullus surmuletus",7490,1345,57638,"female",NA,NA,57638,1,604,NA,NA,NA,NA,NA,15,26,"TL",57638,16.7999992370605,NA,NA,NA,NA,"Majorca, 1992","724",NA,"Lm range was read from the maturity ogive.",1001,2011-05-17 00:00:00,3,2012-09-07 00:00:00,NA,NA,NA
"93",1327,"Mullus surmuletus",7491,1345,57638,"male",NA,NA,57638,1,662,NA,NA,NA,NA,NA,13,22,"TL",57638,15,NA,NA,NA,NA,"Majorca,  1992","724",NA,"Lm range was read from the maturity ogive.",1001,2011-05-17 00:00:00,3,2012-09-07 00:00:00,NA,NA,NA
"94",1327,"Mullus surmuletus",7492,1345,86711,"unsexed",NA,NA,NA,NA,NA,NA,NA,NA,NA,NA,6.59999990463257,22.6000003814697,NA,NA,NA,NA,NA,NA,NA,"Izmir Bay","792",NA,NA,1001,2011-05-17 00:00:00,NA,2011-05-17 00:00:00,NA,NA,NA
"95",1327,"Mullus surmuletus",7497,1345,86721,"female",NA,NA,90285,2,NA,NA,NA,NA,NA,NA,NA,NA,NA,90285,15,NA,NA,NA,NA,"Alexandria and Abo Qir Bay","818",NA,NA,1001,2011-05-17 00:00:00,1001,2012-06-27 14:09:21,NA,NA,NA
"96",1327,"Mullus surmuletus",7495,1345,86721,"female",NA,NA,NA,NA,NA,NA,NA,NA,NA,NA,NA,NA,NA,NA,16.7999992370605,NA,NA,NA,NA,"Mallorca","724",NA,NA,1001,2011-05-17 00:00:00,NA,2011-05-17 00:00:00,NA,NA,NA
"97",1327,"Mullus surmuletus",7496,1345,86721,"male",NA,NA,90285,1,NA,NA,NA,NA,NA,NA,NA,NA,NA,90285,13,NA,NA,NA,NA,"Alexandria and Abo Qir Bay","818",NA,NA,1001,2011-05-17 00:00:00,1001,2012-06-27 14:08:30,NA,NA,NA
"98",1327,"Mullus surmuletus",7494,1345,86721,"male",NA,NA,NA,NA,NA,NA,NA,NA,NA,NA,NA,NA,NA,NA,15,NA,NA,NA,NA,"Mallorca","724",NA,NA,1001,2011-05-17 00:00:00,NA,2011-05-17 00:00:00,NA,NA,NA
"99",1327,"Mullus surmuletus",7493,1345,86721,"unsexed",NA,NA,86721,1.38999998569489,NA,NA,NA,NA,NA,NA,NA,NA,NA,NA,15.1000003814697,NA,86721,NA,NA,"Alexandria, Demietta and Port Said, 2007-2008","818",NA,NA,1001,2011-05-17 00:00:00,3,2012-04-25 00:00:00,NA,NA,NA
"100",1327,"Mullus surmuletus",7498,1345,86721,"unsexed",NA,NA,NA,NA,NA,NA,NA,NA,NA,NA,NA,NA,"TL",90366,16,NA,NA,NA,NA,"Canary Island","724A",NA,NA,1001,2011-05-17 00:00:00,1001,2012-06-27 14:26:43,NA,NA,NA
"101",1327,"Mullus surmuletus",7499,1345,86722,"female",NA,NA,NA,NA,NA,NA,NA,NA,NA,NA,NA,NA,NA,NA,15,NA,NA,NA,NA,"Majorca","724",NA,NA,1001,2011-05-17 00:00:00,NA,2011-05-17 00:00:00,NA,NA,NA
"102",1327,"Mullus surmuletus",7500,1345,86722,"male",NA,NA,NA,NA,NA,NA,NA,NA,NA,NA,NA,NA,NA,NA,17,NA,NA,NA,NA,"Majorca","724",NA,NA,1001,2011-05-17 00:00:00,NA,2011-05-17 00:00:00,NA,NA,NA
"103",1327,"Mullus surmuletus",7501,1345,86722,"unsexed",0,4,NA,NA,NA,NA,NA,NA,NA,NA,10,27,NA,NA,NA,NA,NA,NA,NA,"Majorca","724",NA,NA,1001,2011-05-17 00:00:00,NA,2011-05-17 00:00:00,NA,NA,NA
"104",1327,"Mullus surmuletus",7502,1345,86726,"female",NA,NA,NA,NA,NA,NA,NA,NA,NA,NA,NA,NA,"TL",86726,19.5,NA,NA,NA,NA,"Strait of Sicily","380",NA,NA,1001,2011-05-17 00:00:00,3,2012-09-07 00:00:00,NA,NA,NA
"105",1327,"Mullus surmuletus",7767,1345,89829,"female",NA,NA,89829,2,NA,NA,NA,NA,NA,NA,NA,NA,"TL",89829,17.7999992370605,NA,NA,NA,NA,"M'diq bay, 2009","504",NA,NA,3,2012-06-04 00:00:00,NA,NA,NA,NA,NA
"106",1327,"Mullus surmuletus",7766,1345,89829,"male",NA,NA,89829,2,NA,NA,NA,NA,NA,NA,NA,NA,"TL",89829,16.7000007629395,NA,NA,NA,NA,"M'diq bay, 2009","504",NA,NA,3,2012-06-04 00:00:00,NA,NA,NA,NA,NA
"107",1327,"Mullus surmuletus",7841,1345,90367,"female",NA,NA,NA,NA,NA,NA,NA,NA,NA,NA,NA,NA,NA,90368,11.5,NA,NA,NA,NA,"Egyptian coasts","818",NA,NA,1001,2012-06-27 14:34:53,NA,2012-06-27 14:34:53,NA,NA,NA
"108",1327,"Mullus surmuletus",7842,1345,90367,"male",NA,NA,NA,NA,NA,NA,NA,NA,NA,NA,NA,NA,NA,90368,12.5100002288818,NA,NA,NA,NA,"Egyptian coasts","818",NA,NA,1001,2012-06-27 14:35:37,NA,2012-06-27 14:35:37,NA,NA,NA
"109",1327,"Mullus surmuletus",7900,1345,91466,"unsexed",NA,NA,NA,NA,NA,NA,NA,NA,NA,NA,NA,NA,NA,NA,15,NA,NA,NA,NA,"Balearic Islands","724",NA,NA,1001,2012-09-14 15:03:05,NA,2012-09-14 15:03:05,NA,NA,NA
"110",1327,"Mullus surmuletus",7997,1345,92286,"female",NA,NA,NA,NA,NA,NA,NA,NA,NA,NA,NA,NA,NA,NA,16.7000007629395,NA,NA,NA,NA,"English Channel",NA,NA,NA,2,2012-11-21 00:00:00,NA,2012-11-21 00:00:00,NA,NA,NA
"111",1327,"Mullus surmuletus",7996,1345,92286,"male",NA,NA,NA,NA,NA,NA,NA,NA,NA,NA,NA,NA,NA,NA,16.2000007629395,NA,NA,NA,NA,"English Channel",NA,NA,NA,2,2012-11-21 00:00:00,NA,2012-11-21 00:00:00,NA,NA,NA
"112",54567,"Tripterygion melanurus",NA,NA,NA,NA,NA,NA,NA,NA,NA,NA,NA,NA,NA,NA,NA,NA,NA,NA,NA,NA,NA,NA,NA,NA,NA,NA,NA,NA,NA,NA,NA,NA,NA,NA
"113",1164,"Sparus aurata",6126,1180,4781,"female",2,3,4781,NA,NA,NA,NA,NA,NA,NA,33,40,"TL",4781,NA,NA,NA,NA,NA,"eastern Atlantic and Mediterranean seas",NA,NA,NA,2,2008-01-09 00:00:00,NA,2008-01-09 00:00:00,NA,NA,NA
"114",1164,"Sparus aurata",6127,1180,4781,"male",1,2,4781,NA,NA,NA,NA,NA,NA,NA,20,30,"TL",4781,NA,NA,NA,NA,NA,"eastern Atlantic and Mediterranean seas",NA,NA,NA,2,2008-01-09 00:00:00,NA,2008-01-09 00:00:00,NA,NA,NA
"115",1164,"Sparus aurata",1330,1180,7253,"male",NA,NA,NA,NA,NA,NA,NA,NA,NA,NA,27,NA,NA,NA,NA,NA,NA,NA,NA,"Gulf of Lion","250",NA,NA,3,1996-10-20 00:00:00,NA,1996-10-20 00:00:00,NA,NA,NA
"116",4580,"Symphodus rostratus",NA,NA,NA,NA,NA,NA,NA,NA,NA,NA,NA,NA,NA,NA,NA,NA,NA,NA,NA,NA,NA,NA,NA,NA,NA,NA,NA,NA,NA,NA,NA,NA,NA,NA
"117",46340,"Parablennius rouxi",NA,NA,NA,NA,NA,NA,NA,NA,NA,NA,NA,NA,NA,NA,NA,NA,NA,NA,NA,NA,NA,NA,NA,NA,NA,NA,NA,NA,NA,NA,NA,NA,NA,NA
"118",26272,"Parablennius zvonimiri",NA,NA,NA,NA,NA,NA,NA,NA,NA,NA,NA,NA,NA,NA,NA,NA,NA,NA,NA,NA,NA,NA,NA,NA,NA,NA,NA,NA,NA,NA,NA,NA,NA,NA
"119",439,"Dentex dentex",754,453,30665,"female",2,3,30665,2.20000004768372,NA,NA,NA,NA,NA,NA,NA,NA,"TL",30665,34.5999984741211,NA,NA,NA,NA,"Mallorca, 1993-95
Mallorca, 1993-95","724",NA,NA,3,1999-07-25 00:00:00,NA,2016-06-21 00:00:00,NA,NA,NA
"120",439,"Dentex dentex",755,453,30665,"male",2,3,30665,NA,NA,NA,NA,NA,NA,NA,NA,NA,"TL",30665,50,NA,NA,NA,NA,"Mallorca, 1993-95
Mallorca, 1993-95","724",NA,NA,3,1999-07-25 00:00:00,NA,1999-07-25 00:00:00,NA,NA,NA
"121",63,"Dicentrarchus labrax",174,73,2285,"female",NA,NA,NA,4,NA,NA,NA,NA,NA,NA,NA,NA,"SL",NA,26,NA,NA,NA,NA,"Tunisia","788",NA,NA,22,1992-03-09 00:00:00,2,1994-02-18 00:00:00,NA,NA,NA
"122",63,"Dicentrarchus labrax",175,73,2285,"male",NA,NA,NA,2,NA,NA,NA,NA,NA,NA,NA,NA,"SL",NA,19,NA,NA,NA,NA,"Tunisia","788",NA,NA,22,1992-03-09 00:00:00,2,1994-02-18 00:00:00,NA,NA,NA
"123",63,"Dicentrarchus labrax",176,73,6014,"female",NA,NA,NA,NA,NA,NA,NA,NA,NA,NA,36,46,"TL",6014,NA,NA,NA,NA,NA,"East and West Channel","250",NA,"50 % are mature within the given range.",3,1993-10-19 00:00:00,NA,1994-09-27 00:00:00,NA,NA,NA
"124",63,"Dicentrarchus labrax",177,73,6014,"female",NA,NA,NA,NA,NA,NA,NA,NA,NA,NA,NA,NA,"TL",6014,42,NA,NA,NA,NA,"Gulf of Biscay","250",NA,NA,3,1993-10-19 00:00:00,NA,1993-10-19 00:00:00,NA,NA,NA
"125",63,"Dicentrarchus labrax",178,73,6014,"male",NA,NA,NA,NA,NA,NA,NA,NA,NA,NA,31,41,"TL",6014,NA,NA,NA,NA,NA,"East and West Channel","250",NA,"50 % are mature within the given range.",3,1993-10-19 00:00:00,NA,1994-09-27 00:00:00,NA,NA,NA
"126",63,"Dicentrarchus labrax",179,73,6014,"male",NA,NA,NA,NA,NA,NA,NA,NA,NA,NA,32,37,"TL",6014,NA,NA,NA,NA,NA,"Gulf of Biscay","250",NA,"50 % are mature within the given range.",3,1993-10-19 00:00:00,NA,1994-09-27 00:00:00,NA,NA,NA
"127",63,"Dicentrarchus labrax",180,73,7071,"female",NA,NA,7071,4,NA,NA,NA,NA,NA,NA,23,32,"TL",7071,29,NA,NA,NA,NA,"Alexandria, 1981-82","818",NA,NA,3,1994-06-10 00:00:00,NA,1994-06-10 00:00:00,NA,NA,NA
"128",63,"Dicentrarchus labrax",181,73,7071,"male",NA,NA,7071,2,NA,NA,NA,NA,NA,NA,17,22,"TL",7071,20,NA,NA,NA,NA,"Alexandria, 1981-82","818",NA,NA,3,1994-06-10 00:00:00,NA,1994-06-10 00:00:00,NA,NA,NA
"129",63,"Dicentrarchus labrax",3576,73,40546,"unsexed",3,NA,40735,NA,NA,NA,NA,NA,NA,NA,38.5,NA,"TL",40735,NA,NA,NA,NA,NA,"Southern Mediterranean",NA,NA,NA,2,2001-11-29 00:00:00,NA,2001-11-29 00:00:00,NA,NA,NA
"130",63,"Dicentrarchus labrax",6282,73,59043,"unsexed",4,7,NA,NA,NA,NA,NA,NA,NA,NA,NA,NA,NA,NA,NA,NA,NA,NA,NA,"Europe",NA,NA,NA,1790,2008-01-29 22:53:16,NA,2008-01-29 22:53:16,NA,NA,NA
"131",63,"Dicentrarchus labrax",8425,73,90069,"female",5,8,46107,NA,NA,NA,NA,NA,NA,NA,40,45,"TL",46107,NA,NA,NA,NA,NA,"England and Wales","826A",NA,"Length presumed to be total length (TL).",3,2013-11-30 19:37:11,3,2013-11-30 19:37:39,NA,NA,NA
"132",63,"Dicentrarchus labrax",8424,73,96009,"male",4,7,46107,NA,NA,NA,NA,NA,NA,NA,31,35,"TL",46107,NA,NA,NA,NA,NA,"England and Wales","826A",NA,"Length presumed to be total length (TL).",3,2013-11-30 19:35:01,NA,2013-11-30 19:35:01,NA,NA,NA
"133",9224,"Epinephelus costae",2793,9546,12382,"unsexed",4,NA,NA,NA,NA,NA,NA,NA,NA,NA,30,35,"NG",NA,NA,NA,NA,NA,NA,"Not stated.",NA,NA,NA,113,1998-06-10 00:00:00,NA,1998-06-10 00:00:00,NA,NA,NA
"134",1754,"Diplodus vulgaris",6116,1950,4781,"unsexed",NA,NA,4781,2,NA,NA,NA,NA,NA,NA,NA,NA,"TL",4781,17,NA,NA,NA,NA,"eastern Atlantic and Mediterranean Sea",NA,NA,NA,2,2008-01-09 00:00:00,NA,2008-01-09 00:00:00,NA,NA,NA
"135",1754,"Diplodus vulgaris",10014,1950,120797,"female",NA,NA,NA,NA,NA,NA,NA,NA,NA,NA,NA,NA,"TL",120797,20.3700008392334,NA,NA,NA,NA,"Çanakkale Strait / 2017-2018","792",548,"Mean Lm is Lm(50%).",2448,2019-08-14 00:00:00,NA,2019-08-14 00:00:00,NA,NA,NA
"136",1754,"Diplodus vulgaris",10013,1950,120797,"male",NA,NA,NA,NA,NA,NA,NA,NA,NA,NA,NA,NA,"TL",120797,18.3199996948242,NA,NA,NA,NA,"Çanakkale Strait / 2017-2018","792",548,"Mean Lm is Lm(50%).",2448,2019-08-14 00:00:00,NA,2019-08-14 00:00:00,NA,NA,NA
"137",46334,"Gobius bucchichi",6733,39043,4696,"unsexed",NA,NA,4696,1,NA,NA,NA,NA,NA,NA,3.40000009536743,3.79999995231628,"TL",4696,NA,NA,NA,NA,NA,"Sebastopol, Black Sea","804",143,NA,2,2008-03-18 00:00:00,NA,2008-03-24 00:00:00,NA,NA,NA
"138",73,"Gobius paganellus",3228,82,35388,"mixed",2,3,44329,NA,NA,NA,NA,NA,NA,NA,NA,NA,NA,NA,NA,NA,NA,NA,NA,"Northeast Atlantic",NA,NA,NA,393,2001-01-31 00:00:00,2,2003-01-28 00:00:00,NA,NA,NA
"139",73,"Gobius paganellus",3989,82,45332,"unsexed",0,1,45332,NA,NA,NA,NA,NA,NA,NA,6,7,"TL",45332,NA,NA,NA,NA,NA,"rocky reef near Ponta Delgada harbour (Sao Miguel)","620B",NA,NA,2,2003-01-28 00:00:00,2,2004-03-05 00:00:00,NA,NA,NA
"140",1747,"Phycis phycis",NA,NA,NA,NA,NA,NA,NA,NA,NA,NA,NA,NA,NA,NA,NA,NA,NA,NA,NA,NA,NA,NA,NA,NA,NA,NA,NA,NA,NA,NA,NA,NA,NA,NA
"141",4578,"Symphodus mediterraneus",6135,4763,4742,"female",NA,NA,4742,2,NA,NA,NA,NA,NA,NA,NA,NA,"TL",4742,9,NA,NA,NA,NA,"Mediterranean",NA,NA,NA,2,2008-01-10 00:00:00,NA,2008-01-10 00:00:00,NA,NA,NA
"142",4578,"Symphodus mediterraneus",6136,4763,4742,"male",2,3,4742,NA,NA,NA,NA,NA,NA,NA,NA,NA,"TL",4742,12,NA,NA,NA,NA,"Mediterranean",NA,NA,NA,2,2008-01-10 00:00:00,NA,2008-01-10 00:00:00,NA,NA,NA
"143",NA,"Tripterygion tripteronotus",NA,NA,NA,NA,NA,NA,NA,NA,NA,NA,NA,NA,NA,NA,NA,NA,NA,NA,NA,NA,NA,NA,NA,NA,NA,NA,NA,NA,NA,NA,NA,NA,NA,NA
"144",7640,"Tripterygion delaisi",NA,NA,NA,NA,NA,NA,NA,NA,NA,NA,NA,NA,NA,NA,NA,NA,NA,NA,NA,NA,NA,NA,NA,NA,NA,NA,NA,NA,NA,NA,NA,NA,NA,NA
"145",1758,"Scorpaena porcus",1677,1954,7253,"female",3,NA,NA,NA,NA,NA,NA,NA,NA,NA,10,NA,"SL",NA,NA,NA,NA,NA,NA,"Mediterranean waters","250",NA,NA,3,1995-12-04 00:00:00,NA,1995-12-04 00:00:00,NA,NA,NA
"146",1758,"Scorpaena porcus",1678,1954,7253,"male",2,NA,NA,NA,NA,NA,NA,NA,NA,NA,8.5,NA,"SL",NA,NA,NA,NA,NA,NA,"Mediterranean waters","250",NA,NA,3,1995-12-04 00:00:00,NA,1995-12-04 00:00:00,NA,NA,NA
"147",1758,"Scorpaena porcus",7503,1954,86701,"unsexed",NA,NA,NA,NA,NA,NA,NA,NA,NA,NA,10.5,32,NA,NA,NA,NA,NA,NA,NA,"Dardanelles","792",NA,NA,1001,2011-05-17 00:00:00,NA,2011-05-17 00:00:00,NA,NA,NA
"148",1758,"Scorpaena porcus",7506,1954,86702,"female",NA,NA,NA,NA,NA,NA,NA,NA,NA,NA,NA,NA,NA,NA,17.5,NA,NA,NA,NA,"Sinop Peninsula, March 2002-April 2003","792",143,NA,1001,2011-05-17 00:00:00,2,2015-06-10 00:00:00,NA,NA,NA
"149",1758,"Scorpaena porcus",7504,1954,86702,"male",NA,NA,NA,NA,NA,NA,NA,NA,NA,NA,NA,NA,NA,NA,16.7000007629395,NA,NA,NA,NA,"Sinop Peninsula, March 2002-April 2003","792",143,NA,1001,2011-05-17 00:00:00,2,2015-06-10 00:00:00,NA,NA,NA
"150",1758,"Scorpaena porcus",7507,1954,86714,"unsexed",1,11,NA,NA,NA,NA,NA,NA,NA,NA,NA,NA,NA,NA,NA,NA,NA,NA,NA,"Eastern Adriatic","191",NA,NA,1001,2011-05-17 00:00:00,NA,2011-05-17 00:00:00,NA,NA,NA
"151",1758,"Scorpaena porcus",7509,1954,86717,"unsexed",1,7,NA,NA,NA,NA,NA,NA,NA,NA,NA,NA,NA,NA,NA,NA,NA,NA,NA,"Algerian Sea",NA,NA,NA,1001,2011-05-17 00:00:00,NA,2011-05-17 00:00:00,NA,NA,NA
"152",1758,"Scorpaena porcus",7511,1954,86717,"unsexed",1,6,NA,NA,NA,NA,NA,NA,NA,NA,NA,NA,NA,NA,NA,NA,NA,NA,NA,"Black Sea","792",NA,NA,1001,2011-05-17 00:00:00,NA,2011-05-17 00:00:00,NA,NA,NA
"153",1758,"Scorpaena porcus",7508,1954,86717,"unsexed",1,6,NA,NA,NA,NA,NA,NA,NA,NA,NA,NA,NA,NA,NA,NA,NA,NA,NA,"Gulf of Gabes","788",NA,NA,1001,2011-05-17 00:00:00,NA,2011-05-17 00:00:00,NA,NA,NA
"154",1758,"Scorpaena porcus",7510,1954,86717,"unsexed",1,7,NA,NA,NA,NA,NA,NA,NA,NA,NA,NA,NA,NA,NA,NA,NA,NA,NA,"Marmara Sea",NA,NA,NA,1001,2011-05-17 00:00:00,NA,2011-05-17 00:00:00,NA,NA,NA
"155",1758,"Scorpaena porcus",7512,1954,86717,"unsexed",0,8,NA,NA,NA,NA,NA,NA,NA,NA,NA,NA,NA,NA,NA,NA,NA,NA,NA,"Northwestern Adriatic","380",NA,NA,1001,2011-05-17 00:00:00,NA,2011-05-17 00:00:00,NA,NA,NA
"156",1758,"Scorpaena porcus",7773,1954,90185,"female",NA,NA,NA,3,NA,NA,NA,NA,NA,NA,NA,NA,"SL",90185,10.8000001907349,NA,NA,NA,NA,"Gabès Gulf","788",NA,NA,3,2012-06-04 00:00:00,NA,NA,NA,NA,NA
"157",1758,"Scorpaena porcus",7826,1954,90294,"female",NA,NA,NA,NA,NA,NA,NA,NA,NA,NA,NA,NA,NA,NA,15,NA,NA,NA,NA,"Gulf of Lions","250",NA,NA,1001,2012-06-19 17:57:53,NA,2012-06-19 17:57:53,NA,NA,NA
"158",1700,"Parablennius sanguinolentus",NA,NA,NA,NA,NA,NA,NA,NA,NA,NA,NA,NA,NA,NA,NA,NA,NA,NA,NA,NA,NA,NA,NA,NA,NA,NA,NA,NA,NA,NA,NA,NA,NA,NA
"159",48,"Parablennius gattorugine",3988,58,44329,"unsexed",1,NA,45331,NA,NA,NA,NA,NA,NA,NA,NA,NA,NA,NA,NA,NA,NA,NA,NA,"Galway Bay","372",NA,NA,2,2003-01-28 00:00:00,NA,2003-01-28 00:00:00,NA,NA,NA
"160",7648,"Gobius cruentatus",NA,NA,NA,NA,NA,NA,NA,NA,NA,NA,NA,NA,NA,NA,NA,NA,NA,NA,NA,NA,NA,NA,NA,NA,NA,NA,NA,NA,NA,NA,NA,NA,NA,NA
"161",1760,"Scorpaena notata",NA,NA,NA,NA,NA,NA,NA,NA,NA,NA,NA,NA,NA,NA,NA,NA,NA,NA,NA,NA,NA,NA,NA,NA,NA,NA,NA,NA,NA,NA,NA,NA,NA,NA
"162",4887,"Spicara maena",2372,5119,27030,"female",NA,NA,NA,NA,NA,NA,NA,NA,NA,NA,NA,NA,"FL",27041,9.10000038146973,NA,NA,NA,NA,"Patraikos Gulf, 1983-85","300",NA,NA,3,1998-07-30 00:00:00,NA,1998-07-30 00:00:00,NA,NA,NA
"163",4887,"Spicara maena",8163,5119,93202,"female",NA,NA,NA,2,1766,0.926,NA,NA,NA,NA,NA,NA,"TL",NA,11.5100002288818,NA,NA,NA,NA,"Izmir Bay, central Aegean Sea, 2004-2007","792",548,"Sex inversion occurs between 14.5 - 15.0 cm TL.",2,2013-03-26 00:00:00,NA,2013-03-26 00:00:00,NA,NA,NA
"164",4887,"Spicara maena",8164,5119,93202,"male",NA,NA,NA,2,398,0.903,NA,NA,NA,NA,NA,NA,"TL",NA,13.1199998855591,NA,NA,NA,NA,"Izmir Bay, central Aegean Sea, 2004-2007","792",548,"Sex inversion occurs between 14.5 - 15.0 cm TL.",2,2013-03-26 00:00:00,NA,2013-03-26 00:00:00,NA,NA,NA
"165",1792,"Symphodus ocellatus",6138,1988,4742,"female",NA,NA,4742,1,NA,NA,NA,NA,NA,NA,NA,NA,"TL",4742,4,NA,NA,NA,NA,"Mediterranean coast","250",NA,NA,2,2008-01-10 00:00:00,NA,2008-01-10 00:00:00,NA,NA,NA
"166",1792,"Symphodus ocellatus",6139,1988,4742,"male",1,2,4742,NA,NA,NA,NA,NA,NA,NA,NA,NA,"TL",4742,5.69999980926514,NA,NA,NA,NA,"Mediterranean coast","250",NA,NA,2,2008-01-10 00:00:00,NA,2008-01-10 00:00:00,NA,NA,NA
"167",1356,"Spondyliosoma cantharus",1410,1374,6014,"female",NA,NA,NA,NA,NA,NA,NA,NA,NA,NA,NA,NA,"TL",6014,22,NA,NA,NA,NA,"East and West Channel","250",NA,NA,3,1993-10-19 00:00:00,NA,1993-10-19 00:00:00,NA,NA,NA
"168",1356,"Spondyliosoma cantharus",1411,1374,6014,"female",NA,NA,NA,NA,NA,NA,NA,NA,NA,NA,NA,NA,"TL",6014,22,NA,NA,NA,NA,"Gulf of Biscay","250",NA,NA,3,1993-10-19 00:00:00,NA,1993-10-19 00:00:00,NA,NA,NA
"169",1356,"Spondyliosoma cantharus",1412,1374,6014,"male",NA,NA,NA,NA,NA,NA,NA,NA,NA,NA,NA,NA,"TL",6014,22,NA,NA,NA,NA,"East and West Channel","250",NA,NA,3,1993-10-19 00:00:00,NA,1993-10-19 00:00:00,NA,NA,NA
"170",1356,"Spondyliosoma cantharus",1413,1374,6014,"male",NA,NA,NA,NA,NA,NA,NA,NA,NA,NA,NA,NA,"TL",6014,22,NA,NA,NA,NA,"Gulf of Biscay","250",NA,NA,3,1993-10-19 00:00:00,NA,1993-10-19 00:00:00,NA,NA,NA
"171",1356,"Spondyliosoma cantharus",1414,1374,28668,"unsexed",NA,NA,NA,NA,NA,NA,NA,NA,NA,NA,NA,NA,"FL",28668,15.1999998092651,NA,NA,NA,NA,"Saharan Bank","504",NA,"Refers to 50% maturity.",3,1999-03-19 00:00:00,NA,1999-03-19 00:00:00,NA,NA,NA
"172",1356,"Spondyliosoma cantharus",6863,1374,56606,"unsexed",NA,NA,NA,NA,NA,NA,NA,NA,NA,NA,22,24,NA,75561,NA,NA,NA,NA,NA,"North-West coast of Africa",NA,NA,NA,1723,2008-04-29 23:11:46,NA,2008-04-29 23:11:46,NA,NA,NA
"173",1356,"Spondyliosoma cantharus",9067,1374,57815,"female",2,3,57815,NA,NA,NA,NA,NA,NA,NA,NA,NA,"TL",57815,19.9799995422363,0.270000010728836,NA,NA,NA,"Sagres (Dec 1992-Mar 1994)","620",230,NA,2,2016-06-24 00:00:00,NA,2016-06-24 00:00:00,NA,NA,NA
"174",1356,"Spondyliosoma cantharus",9068,1374,57815,"male",2,3,57815,NA,NA,NA,NA,NA,NA,NA,NA,NA,"TL",57815,22.4099998474121,0.600000023841858,NA,NA,NA,"Sagres (Dec 1992-Mar 1994)","620",230,NA,2,2016-06-24 00:00:00,NA,2016-06-24 00:00:00,NA,NA,NA
"175",1356,"Spondyliosoma cantharus",7443,1374,86279,"female",NA,NA,NA,4,NA,NA,NA,NA,NA,NA,NA,NA,"TL",86279,17.7999992370605,NA,NA,NA,NA,"Gulf of Tunis (Jan 2005-June 2006)","788",13,NA,2,2011-01-18 00:00:00,NA,2011-01-18 00:00:00,NA,NA,NA
"176",1356,"Spondyliosoma cantharus",8677,1374,102321,"female",NA,NA,102321,2,NA,NA,NA,NA,NA,NA,NA,NA,"TL",102321,19.2999992370605,NA,NA,NA,NA,"Eastern coasts, Gulf of Annaba, Jan-Dec 2008","012",NA,"Sex reversal occurs at about 24.3 cm TL (Ref. 102321).",2,2015-06-10 00:00:00,2,2016-06-25 00:00:00,NA,NA,NA
"177",1356,"Spondyliosoma cantharus",8678,1374,102321,"male",NA,NA,102321,3,NA,NA,NA,NA,NA,NA,NA,NA,"TL",102321,21.2999992370605,NA,NA,NA,NA,"Eastern coasts, Gulf of Annaba, Jan-Dec 2008","012",NA,NA,2,2015-06-10 00:00:00,2,2015-06-11 00:00:00,NA,NA,NA
"178",1356,"Spondyliosoma cantharus",8699,1374,103934,"female",NA,NA,103934,2,NA,NA,NA,NA,NA,NA,NA,NA,"TL",103934,17.2999992370605,NA,NA,NA,NA,"Canary Islands","724A",NA,NA,3,2015-07-24 00:00:00,NA,2015-07-24 00:00:00,NA,NA,NA
"179",1356,"Spondyliosoma cantharus",8700,1374,103934,"male",NA,NA,103934,3,NA,NA,NA,NA,NA,NA,NA,NA,"TL",103934,22.7000007629395,NA,NA,NA,NA,"Canary Islands","724A",NA,NA,3,2015-07-24 00:00:00,NA,2015-07-24 00:00:00,NA,NA,NA
"180",203,"Boops boops",471,217,4781,"unsexed",NA,NA,4781,1,NA,NA,NA,NA,NA,NA,NA,NA,"TL",4781,13,NA,NA,NA,NA,"Western Mediterranean",NA,13,NA,10,1996-03-18 00:00:00,2,2008-01-08 00:00:00,NA,NA,NA
"181",203,"Boops boops",3580,217,40546,"unsexed",NA,NA,40737,2,NA,NA,NA,NA,NA,NA,NA,NA,"TL",40737,13,NA,NA,NA,NA,"Southern Mediterranean",NA,13,NA,2,2001-11-29 00:00:00,2,2008-01-08 00:00:00,NA,NA,NA
"182",203,"Boops boops",6805,217,56606,"unsexed",NA,NA,43254,NA,NA,NA,NA,NA,NA,NA,12,NA,NA,NA,NA,NA,NA,NA,NA,"Livorno","380",NA,NA,1723,2008-04-18 21:11:26,NA,2008-04-18 21:11:26,NA,NA,NA
"183",203,"Boops boops",6804,217,56606,"unsexed",NA,NA,42360,NA,NA,NA,NA,NA,NA,NA,16,NA,NA,NA,NA,NA,NA,NA,NA,"Mediterranean Sea",NA,NA,NA,1723,2008-04-18 21:10:25,NA,2008-04-18 21:10:25,NA,NA,NA
"184",203,"Boops boops",9029,217,108834,"female",NA,NA,NA,2,NA,NA,NA,NA,NA,NA,NA,NA,NA,NA,NA,NA,NA,NA,NA,"Adriatic Sea (1957-1958)",NA,546,NA,2,2016-06-21 00:00:00,NA,2016-06-21 00:00:00,NA,NA,NA
"185",203,"Boops boops",9031,217,108834,"female",NA,NA,5548,2,NA,NA,NA,NA,NA,NA,NA,NA,NA,NA,NA,NA,NA,NA,NA,"Algerian coast",NA,13,NA,2,2016-06-21 00:00:00,NA,2016-06-21 00:00:00,NA,NA,NA
"186",203,"Boops boops",9030,217,108834,"male",NA,NA,NA,5,NA,NA,NA,NA,NA,NA,NA,NA,NA,NA,NA,NA,NA,NA,NA,"Adriatic Sea (1957-1958)",NA,546,NA,2,2016-06-21 00:00:00,NA,2016-06-21 00:00:00,NA,NA,NA
"187",203,"Boops boops",9028,217,108834,"mixed",NA,NA,90369,1.39999997615814,NA,NA,NA,NA,NA,NA,NA,NA,NA,NA,NA,NA,NA,NA,NA,"Mediterranean coast (1995-1998)",NA,NA,NA,2,2016-06-21 00:00:00,NA,2016-06-21 00:00:00,NA,NA,NA
"188",203,"Boops boops",9220,217,110398,"female",NA,NA,NA,NA,NA,NA,NA,NA,NA,NA,NA,NA,"TL",110398,14.3000001907349,NA,NA,NA,NA,"Nador-Saidia coast, Mediterraenan, 2011","504",NA,NA,3,2016-08-31 00:00:00,NA,2016-08-31 00:00:00,NA,NA,NA
"189",203,"Boops boops",9221,217,110398,"male",NA,NA,NA,NA,NA,NA,NA,NA,NA,NA,NA,NA,"TL",110398,13.3000001907349,NA,NA,NA,NA,"Nador-Saidia coast, Mediterraenan, 2011","504",NA,NA,3,2016-08-31 00:00:00,NA,2016-08-31 00:00:00,NA,NA,NA
"190",1375,"Labrus mixtus",6130,1393,4742,"unsexed",NA,NA,4742,2,NA,NA,NA,NA,NA,NA,NA,NA,"TL",4742,16,NA,NA,NA,NA,"Mediterranean",NA,NA,NA,2,2008-01-10 00:00:00,NA,2008-01-10 00:00:00,NA,NA,NA
"191",10202,"Sphyraena viridensis",NA,NA,NA,NA,NA,NA,NA,NA,NA,NA,NA,NA,NA,NA,NA,NA,NA,NA,NA,NA,NA,NA,NA,NA,NA,NA,NA,NA,NA,NA,NA,NA,NA,NA
"192",1791,"Symphodus cinereus",6133,1987,4742,"female",NA,NA,4742,1,NA,NA,NA,NA,NA,NA,NA,NA,"TL",4742,4,NA,NA,NA,NA,"Mediterranean and Black Sea",NA,NA,NA,2,2008-01-10 00:00:00,NA,2008-01-10 00:00:00,NA,NA,NA
"193",1791,"Symphodus cinereus",6134,1987,4742,"male",1,2,4742,NA,NA,NA,NA,NA,NA,NA,NA,NA,"TL",4742,7,NA,NA,NA,NA,"Mediterranean and Black Sea",NA,NA,NA,2,2008-01-10 00:00:00,NA,2008-01-10 00:00:00,NA,NA,NA
"194",16324,"Oedalechilus labeo",8166,15042,93212,"mixed",NA,NA,NA,NA,NA,NA,NA,NA,NA,NA,11,15,"TL",93212,12.8999996185303,NA,NA,NA,NA,"middle eastern Adriatic Sea, 2008-2009","191",546,"All specimens  above 15 cm were mature",3,2013-03-28 00:00:00,NA,2013-03-28 00:00:00,NA,NA,NA
"195",13025,"Sparisoma cretense",2939,13347,27030,"female",NA,NA,NA,NA,NA,NA,NA,NA,NA,NA,NA,NA,"TL",27057,15.5,NA,NA,NA,NA,"Dodeckanisos, 1985-86","300",NA,NA,3,1998-07-30 00:00:00,NA,1998-07-30 00:00:00,NA,NA,NA
"196",10185,"Scorpaena maderensis",NA,NA,NA,NA,NA,NA,NA,NA,NA,NA,NA,NA,NA,NA,NA,NA,NA,NA,NA,NA,NA,NA,NA,NA,NA,NA,NA,NA,NA,NA,NA,NA,NA,NA
"197",1765,"Sphyraena sphyraena",NA,NA,NA,NA,NA,NA,NA,NA,NA,NA,NA,NA,NA,NA,NA,NA,NA,NA,NA,NA,NA,NA,NA,NA,NA,NA,NA,NA,NA,NA,NA,NA,NA,NA
"198",1021,"Dactylopterus volitans",NA,NA,NA,NA,NA,NA,NA,NA,NA,NA,NA,NA,NA,NA,NA,NA,NA,NA,NA,NA,NA,NA,NA,NA,NA,NA,NA,NA,NA,NA,NA,NA,NA,NA
"199",16962,"Parablennius pilicornis",NA,NA,NA,NA,NA,NA,NA,NA,NA,NA,NA,NA,NA,NA,NA,NA,NA,NA,NA,NA,NA,NA,NA,NA,NA,NA,NA,NA,NA,NA,NA,NA,NA,NA
"200",1933,"Caranx crysos",1737,2129,8859,"female",NA,NA,NA,NA,NA,NA,NA,NA,NA,NA,NA,NA,"FL",8859,26.7000007629395,NA,NA,NA,NA,"Northwest Florida","840",NA,"Estimation by probit analysis.",3,1995-01-21 00:00:00,NA,1998-04-22 00:00:00,NA,NA,NA
"201",1933,"Caranx crysos",1738,2129,26409,"female",NA,NA,NA,NA,NA,NA,NA,NA,NA,NA,NA,NA,"FL",26415,28,NA,NA,NA,NA,"Not specified.","388",NA,NA,3,1998-04-22 00:00:00,NA,1998-04-22 00:00:00,NA,NA,NA
"202",1933,"Caranx crysos",1739,2129,26409,"male",NA,NA,NA,NA,NA,NA,NA,NA,NA,NA,NA,NA,"FL",26415,26,NA,NA,NA,NA,"Not specified.","388",NA,NA,3,1998-04-22 00:00:00,NA,1998-04-22 00:00:00,NA,NA,NA
"203",1759,"Scorpaena scrofa",NA,NA,NA,NA,NA,NA,NA,NA,NA,NA,NA,NA,NA,NA,NA,NA,NA,NA,NA,NA,NA,NA,NA,NA,NA,NA,NA,NA,NA,NA,NA,NA,NA,NA
"204",47,"Belone belone",3192,57,35388,"mixed",2,NA,NA,NA,NA,NA,NA,NA,NA,NA,45,NA,NA,NA,NA,NA,NA,NA,NA,"British Isles, Mediterranean and Black sea",NA,NA,"Grow fast and reach 20-25 cm in the first year (Ref. 35388).",393,2001-01-22 00:00:00,NA,2001-01-22 00:00:00,NA,NA,NA
"205",47,"Belone belone",9005,57,108834,"female",NA,NA,NA,2,NA,NA,NA,NA,NA,NA,NA,NA,NA,NA,NA,NA,NA,NA,NA,"Aegean Sea",NA,548,NA,2,2016-06-21 00:00:00,NA,2016-06-21 00:00:00,NA,NA,NA
"206",5444,"Fistularia commersonii",NA,NA,NA,NA,NA,NA,NA,NA,NA,NA,NA,NA,NA,NA,NA,NA,NA,NA,NA,NA,NA,NA,NA,NA,NA,NA,NA,NA,NA,NA,NA,NA,NA,NA
"207",3770,"Scartella cristata",NA,NA,NA,NA,NA,NA,NA,NA,NA,NA,NA,NA,NA,NA,NA,NA,NA,NA,NA,NA,NA,NA,NA,NA,NA,NA,NA,NA,NA,NA,NA,NA,NA,NA
"208",4613,"Siganus luridus",4252,4800,49488,"female",NA,NA,NA,NA,NA,NA,NA,NA,NA,NA,NA,NA,"TL",49488,14.1999998092651,NA,NA,NA,NA,"Batrun","422",NA,NA,3,2004-02-20 00:00:00,NA,2004-02-20 00:00:00,NA,NA,NA
"209",4613,"Siganus luridus",4251,4800,49488,"male",NA,NA,NA,NA,NA,NA,NA,NA,NA,NA,NA,NA,"TL",49488,13.8999996185303,NA,NA,NA,NA,"Batrun","422",NA,NA,3,2004-02-20 00:00:00,NA,2004-02-20 00:00:00,NA,NA,NA
"210",54573,"Symphodus doderleini",NA,NA,NA,NA,NA,NA,NA,NA,NA,NA,NA,NA,NA,NA,NA,NA,NA,NA,NA,NA,NA,NA,NA,NA,NA,NA,NA,NA,NA,NA,NA,NA,NA,NA
"211",16326,"Parablennius incognitus",NA,NA,NA,NA,NA,NA,NA,NA,NA,NA,NA,NA,NA,NA,NA,NA,NA,NA,NA,NA,NA,NA,NA,NA,NA,NA,NA,NA,NA,NA,NA,NA,NA,NA
"212",1773,"Trachinotus ovatus",NA,NA,NA,NA,NA,NA,NA,NA,NA,NA,NA,NA,NA,NA,NA,NA,NA,NA,NA,NA,NA,NA,NA,NA,NA,NA,NA,NA,NA,NA,NA,NA,NA,NA
"213",1214,"Mycteroperca rubra",5471,1230,56917,"female",NA,NA,NA,NA,NA,NA,NA,NA,NA,NA,32,36,"SL",56917,NA,NA,NA,NA,NA,"to be filled","686",NA,NA,379,2006-06-22 00:00:00,2,2006-06-22 00:00:00,NA,NA,NA
"214",4545,"Siganus rivulatus",2254,4730,1419,"unsexed",NA,NA,NA,1,NA,NA,NA,NA,NA,NA,NA,NA,"TL",NA,16,NA,NA,NA,NA,"to be filled",NA,NA,"about 75 g",14,1991-11-07 00:00:00,NA,1991-11-07 00:00:00,NA,NA,NA
"215",4545,"Siganus rivulatus",6177,4730,6765,"unsexed",NA,NA,6765,2,NA,NA,NA,NA,NA,NA,NA,NA,"TL",6765,14.8000001907349,NA,NA,NA,NA,"Eastern Mediterranean",NA,NA,NA,2,2008-01-21 00:00:00,NA,2008-01-21 00:00:00,NA,NA,NA
"216",4545,"Siganus rivulatus",4250,4730,49488,"female",NA,NA,NA,NA,NA,NA,NA,NA,NA,NA,NA,NA,"TL",49488,13.6999998092651,NA,NA,NA,NA,"Batrun","422",NA,NA,3,2004-02-20 00:00:00,NA,2004-02-20 00:00:00,NA,NA,NA
"217",4545,"Siganus rivulatus",4249,4730,49488,"male",NA,NA,NA,NA,NA,NA,NA,NA,NA,NA,NA,NA,"TL",49488,13.3000001907349,NA,NA,NA,NA,"Batrun","422",NA,NA,3,2004-02-20 00:00:00,NA,2004-02-20 00:00:00,NA,NA,NA
"218",6625,"Sargocentron rubrum",NA,NA,NA,NA,NA,NA,NA,NA,NA,NA,NA,NA,NA,NA,NA,NA,NA,NA,NA,NA,NA,NA,NA,NA,NA,NA,NA,NA,NA,NA,NA,NA,NA,NA
"219",4579,"Gobius cobitis",6736,4764,4696,"unsexed",2,3,4696,NA,NA,NA,NA,NA,NA,NA,NA,NA,NA,NA,NA,NA,NA,NA,NA,"Mediterranean Sea and Black Sea",NA,13,NA,2,2008-03-24 00:00:00,NA,2008-03-24 00:00:00,NA,NA,NA
"220",1766,"Spicara smaris",1681,1962,27030,"female",NA,NA,NA,NA,NA,NA,NA,NA,NA,NA,NA,NA,"TL",27071,8.89999961853027,NA,NA,NA,NA,"Northern Crete, 1988-91","300",NA,NA,3,1998-07-30 00:00:00,NA,1998-07-30 00:00:00,NA,NA,NA
"221",1766,"Spicara smaris",1682,1962,27030,"female",NA,NA,NA,NA,NA,NA,NA,NA,NA,NA,NA,NA,"TL",27071,9.30000019073486,NA,NA,NA,NA,"Southern Crete, 1988-91","300",NA,NA,3,1998-07-30 00:00:00,NA,1998-07-30 00:00:00,NA,NA,NA
"222",56307,"Gobius xanthocephalus",NA,NA,NA,NA,NA,NA,NA,NA,NA,NA,NA,NA,NA,NA,NA,NA,NA,NA,NA,NA,NA,NA,NA,NA,NA,NA,NA,NA,NA,NA,NA,NA,NA,NA
"223",16289,"Gobius geniporus",NA,NA,NA,NA,NA,NA,NA,NA,NA,NA,NA,NA,NA,NA,NA,NA,NA,NA,NA,NA,NA,NA,NA,NA,NA,NA,NA,NA,NA,NA,NA,NA,NA,NA
"224",481,"Trisopterus minutus",791,495,796,"female",NA,NA,NA,NA,NA,NA,NA,NA,NA,NA,NA,NA,NA,NA,13,NA,NA,NA,NA,"English Channel","826",NA,NA,3,1991-10-17 00:00:00,NA,1994-09-30 00:00:00,NA,NA,NA
"225",481,"Trisopterus minutus",792,495,796,"male",NA,NA,NA,NA,NA,NA,NA,NA,NA,NA,NA,NA,NA,NA,11,NA,NA,NA,NA,"English Channel","826",NA,NA,3,1991-10-17 00:00:00,NA,1994-09-30 00:00:00,NA,NA,NA
"226",481,"Trisopterus minutus",793,495,1371,"unsexed",1,NA,NA,NA,NA,NA,NA,NA,NA,NA,NA,NA,NA,NA,NA,NA,NA,NA,NA,"Northeastern Atlantic and Mediterranean",NA,NA,NA,2,1993-10-11 00:00:00,NA,1994-09-26 00:00:00,NA,NA,NA
"227",481,"Trisopterus minutus",794,495,7253,"unsexed",NA,NA,NA,NA,NA,NA,NA,NA,NA,NA,13,NA,NA,NA,NA,NA,NA,NA,NA,"Mediterranean waters","250",NA,NA,3,1995-12-04 00:00:00,NA,1995-12-04 00:00:00,NA,NA,NA
"228",481,"Trisopterus minutus",795,495,27030,"unsexed",NA,NA,NA,NA,NA,NA,NA,NA,NA,NA,NA,NA,"TL",27025,14,NA,NA,NA,NA,"Euboikos Gulf","300",NA,NA,3,1993-09-21 00:00:00,NA,1998-07-30 00:00:00,NA,NA,NA
"229",481,"Trisopterus minutus",8220,495,41894,"female",NA,NA,41894,2,NA,NA,NA,NA,NA,NA,10,26,"TL",41894,13.8199996948242,NA,NA,NA,NA,"northern Tyrrhenian Sea, 1985-1987 ","380",13,NA,2355,2013-06-13 17:17:52,2,2013-07-02 00:00:00,NA,NA,NA
"230",481,"Trisopterus minutus",8240,495,41894,"male",NA,NA,41894,2,NA,NA,NA,NA,NA,NA,NA,NA,"TL",41894,12.3900003433228,NA,NA,NA,NA,"northern Tyrrhenian Sea, 1985-1987","380",13,NA,2,2013-07-02 00:00:00,NA,2013-07-02 00:00:00,NA,NA,NA
"231",481,"Trisopterus minutus",6345,495,74347,"unsexed",NA,NA,NA,NA,NA,NA,NA,NA,NA,NA,NA,NA,"TL",74358,14.8000001907349,NA,NA,NA,NA,"west ","826B",NA,NA,1790,2008-02-12 21:17:35,1790,2008-02-12 21:21:14,NA,NA,NA
"232",481,"Trisopterus minutus",9170,495,74354,"unsexed",NA,NA,74354,2,NA,NA,NA,NA,NA,NA,NA,NA,"FL",74354,17,NA,NA,NA,NA,"Faroe Bank, 60°55´N; 8°40´W (1994-1998)","234",8,NA,2,2016-07-19 00:00:00,NA,2016-07-19 00:00:00,NA,NA,NA
"233",481,"Trisopterus minutus",9183,495,109755,"female",NA,NA,109755,1,251,0.974,NA,NA,NA,NA,NA,NA,"TL",109755,13.3000001907349,NA,NA,NA,NA,"?zmir Bay (Apr 2001-Mar 2002)","792",548,NA,2,2016-07-25 00:00:00,NA,2016-07-25 00:00:00,NA,NA,NA
"234",481,"Trisopterus minutus",9184,495,109755,"male",NA,NA,109755,1,425,0.951,NA,NA,NA,NA,NA,NA,"TL",109755,12.5,NA,NA,NA,NA,"?zmir Bay (Apr 2001-Mar 2002)","792",548,NA,2,2016-07-25 00:00:00,NA,2016-07-25 00:00:00,NA,NA,NA
"235",46337,"Gobius vittatus",NA,NA,NA,NA,NA,NA,NA,NA,NA,NA,NA,NA,NA,NA,NA,NA,NA,NA,NA,NA,NA,NA,NA,NA,NA,NA,NA,NA,NA,NA,NA,NA,NA,NA
"236",889,"Pagellus acarne",6118,905,4781,"unsexed",1,2,4781,NA,NA,NA,NA,NA,NA,NA,13,18,"TL",4781,NA,NA,NA,NA,NA,"eastern Atlantic and Mediterranean Sea",NA,NA,NA,2,2008-01-09 00:00:00,NA,2008-01-09 00:00:00,NA,NA,NA
"237",889,"Pagellus acarne",1172,905,6104,"female",NA,NA,NA,NA,NA,NA,NA,NA,NA,NA,NA,NA,NA,NA,15,NA,NA,NA,NA,"Euboikos Gulf","300",NA,NA,3,1993-09-21 00:00:00,NA,1993-09-21 00:00:00,NA,NA,NA
"238",889,"Pagellus acarne",1173,905,6104,"male",NA,NA,NA,NA,NA,NA,NA,NA,NA,NA,NA,NA,NA,NA,13.3999996185303,NA,NA,NA,NA,"Euboikos Gulf","300",NA,NA,3,1993-09-21 00:00:00,NA,1993-09-21 00:00:00,NA,NA,NA
"239",889,"Pagellus acarne",1174,905,7253,"male",2,NA,12131,NA,NA,NA,NA,NA,NA,NA,NA,NA,NA,NA,NA,NA,NA,NA,NA,"Straits of Messina","380",NA,NA,3,1996-10-20 00:00:00,NA,1996-10-20 00:00:00,NA,NA,NA
"240",889,"Pagellus acarne",1175,905,27030,"female",NA,NA,NA,NA,NA,NA,NA,NA,NA,NA,NA,NA,"FL",27054,13.5,NA,NA,NA,NA,"Evvoikos Gulf, 1986-88","300",NA,NA,3,1998-07-29 00:00:00,NA,1998-07-29 00:00:00,NA,NA,NA
"241",889,"Pagellus acarne",3111,905,34177,"female",NA,NA,34177,3,NA,NA,NA,NA,NA,NA,NA,NA,"TL",34177,19.3999996185303,NA,NA,NA,NA,"Gran Canaria (27°57'24""N, 15°35'23""W), 1991-94","300",NA,NA,3,2000-05-31 00:00:00,NA,2000-05-31 00:00:00,NA,NA,NA
"242",889,"Pagellus acarne",3110,905,34177,"male",NA,NA,34177,2,NA,NA,NA,NA,NA,NA,NA,NA,"TL",34177,15.8000001907349,NA,NA,NA,NA,"Gran Canaria (27°57'24""N, 15°35'23""W), 1991-94","300",NA,NA,3,2000-05-31 00:00:00,NA,2000-05-31 00:00:00,NA,NA,NA
"243",889,"Pagellus acarne",6800,905,56606,"unsexed",1,NA,1273,NA,NA,NA,NA,NA,NA,NA,19,NA,NA,NA,NA,NA,NA,NA,NA,"North West coast of Africa ",NA,NA,NA,1723,2008-04-18 20:37:03,1723,2008-04-18 20:41:54,NA,NA,NA
"244",889,"Pagellus acarne",6859,905,56606,"unsexed",2,NA,75540,NA,NA,NA,NA,NA,NA,NA,13,16,NA,75540,NA,NA,NA,NA,NA,"North-West coast of Africa",NA,NA,NA,1723,2008-04-29 23:00:35,NA,2008-04-29 23:00:35,NA,NA,NA
"245",889,"Pagellus acarne",9032,905,108834,"mixed",NA,NA,90369,1.89999997615814,NA,NA,NA,NA,NA,NA,NA,NA,NA,NA,NA,NA,NA,NA,NA,"Mediterranean coast (1995-1998)",NA,13,NA,2,2016-06-21 00:00:00,NA,2016-06-21 00:00:00,NA,NA,NA
"246",61,"Ctenolabrus rupestris",6128,71,4742,"unsexed",NA,NA,4742,2,NA,NA,NA,NA,NA,NA,NA,NA,NA,NA,NA,NA,NA,NA,NA,"Eastern Atlantic and Mediterranean seas",NA,NA,NA,2,2008-01-10 00:00:00,NA,2008-01-10 00:00:00,NA,NA,NA
"247",301,"Conger conger",598,315,4453,"female",NA,NA,NA,NA,NA,NA,NA,NA,NA,NA,NA,NA,"TL",NA,200,NA,NA,NA,NA,"Not stated.",NA,NA,NA,113,1998-06-10 00:00:00,NA,2003-04-11 00:00:00,NA,NA,NA
"248",301,"Conger conger",599,315,4453,"male",NA,NA,NA,NA,NA,NA,NA,NA,NA,NA,50,75,"TL",NA,NA,NA,NA,NA,NA,"Not stated.",NA,NA,NA,113,1998-06-10 00:00:00,NA,1998-06-10 00:00:00,NA,NA,NA
"249",301,"Conger conger",600,315,6521,"unsexed",5,15,NA,NA,NA,NA,NA,NA,NA,NA,NA,NA,NA,NA,NA,NA,NA,NA,NA,"Not stated.",NA,NA,NA,113,1998-06-10 00:00:00,NA,1998-06-10 00:00:00,NA,NA,NA
"250",2497,"Diplodus cervinus",NA,NA,NA,NA,NA,NA,NA,NA,NA,NA,NA,NA,NA,NA,NA,NA,NA,NA,NA,NA,NA,NA,NA,NA,NA,NA,NA,NA,NA,NA,NA,NA,NA,NA
"251",2499,"Chelon labrosus",1905,2693,7253,"female",NA,NA,NA,3,NA,NA,NA,NA,NA,NA,NA,NA,"SL",NA,29.5,NA,NA,NA,NA,"Gulf of Lion","250",NA,NA,3,1993-05-05 00:00:00,NA,1996-10-23 00:00:00,NA,NA,NA
"252",2499,"Chelon labrosus",1906,2693,7253,"male",NA,NA,NA,3,NA,NA,NA,NA,NA,NA,NA,NA,"SL",NA,25,NA,NA,NA,NA,"Gulf of Lion","250",NA,NA,3,1993-05-05 00:00:00,NA,1996-10-23 00:00:00,NA,NA,NA
"253",2499,"Chelon labrosus",6253,2693,59043,"female",3,NA,NA,NA,NA,NA,NA,NA,NA,NA,NA,NA,NA,NA,NA,NA,NA,NA,NA,"not specified ",NA,NA,NA,1790,2008-01-29 18:15:14,NA,2008-01-29 18:15:14,NA,NA,NA
"254",2499,"Chelon labrosus",6252,2693,59043,"male",2,NA,NA,NA,NA,NA,NA,NA,NA,NA,NA,NA,NA,NA,NA,NA,NA,NA,NA,"not specified ",NA,NA,NA,1790,2008-01-29 18:14:58,NA,2008-01-29 18:14:58,NA,NA,NA
"255",8023,"Pteragogus pelycus",NA,NA,NA,NA,NA,NA,NA,NA,NA,NA,NA,NA,NA,NA,NA,NA,NA,NA,NA,NA,NA,NA,NA,NA,NA,NA,NA,NA,NA,NA,NA,NA,NA,NA
"256",NA,"Liza aurata",NA,NA,NA,NA,NA,NA,NA,NA,NA,NA,NA,NA,NA,NA,NA,NA,NA,NA,NA,NA,NA,NA,NA,NA,NA,NA,NA,NA,NA,NA,NA,NA,NA,NA
"257",2060,"Dasyatis pastinaca",NA,NA,NA,NA,NA,NA,NA,NA,NA,NA,NA,NA,NA,NA,NA,NA,NA,NA,NA,NA,NA,NA,NA,NA,NA,NA,NA,NA,NA,NA,NA,NA,NA,NA
"258",9217,"Epinephelus caninus",NA,NA,NA,NA,NA,NA,NA,NA,NA,NA,NA,NA,NA,NA,NA,NA,NA,NA,NA,NA,NA,NA,NA,NA,NA,NA,NA,NA,NA,NA,NA,NA,NA,NA
"259",1692,"Anthias anthias",NA,NA,NA,NA,NA,NA,NA,NA,NA,NA,NA,NA,NA,NA,NA,NA,NA,NA,NA,NA,NA,NA,NA,NA,NA,NA,NA,NA,NA,NA,NA,NA,NA,NA
"260",1756,"Pagrus pagrus",1339,1249,4747,"female",NA,NA,NA,NA,NA,NA,NA,NA,NA,NA,NA,NA,"FL",NA,31.2999992370605,NA,NA,NA,NA,"Mediterranean Sea (Dodecanese)","300",NA,"See also Refs. 27066 and 27079.",3,1992-09-28 00:00:00,NA,1998-07-30 00:00:00,NA,NA,NA
"261",1756,"Pagrus pagrus",6124,1249,4781,"unsexed",NA,NA,4781,3,NA,NA,NA,NA,NA,NA,NA,NA,"TL",4781,24,NA,NA,NA,NA,"eastern Atlantic and Mediterranean seas",NA,NA,NA,2,2008-01-09 00:00:00,NA,2008-01-09 00:00:00,NA,NA,NA
"262",1756,"Pagrus pagrus",1340,1249,26934,"female",NA,NA,NA,NA,NA,NA,NA,NA,NA,NA,NA,NA,"TL",26934,22.6000003814697,NA,NA,NA,NA,"Tenerife and Gran Canaria, 1985-86; 1991-93","724A",NA,"Method: logistic curve.",3,1999-03-22 00:00:00,NA,1999-03-22 00:00:00,NA,NA,NA
"263",1756,"Pagrus pagrus",1341,1249,26934,"male",NA,NA,NA,NA,NA,NA,NA,NA,NA,NA,NA,NA,"TL",26934,26.7000007629395,NA,NA,NA,NA,"Tenerife and Gran Canaria, 1985-86; 1991-93","724A",NA,"Method: logistic curve.",3,1999-03-22 00:00:00,NA,1999-03-22 00:00:00,NA,NA,NA
"264",1756,"Pagrus pagrus",4080,1249,27541,"female",NA,NA,27541,0.899999976158142,NA,NA,NA,NA,NA,NA,21.2999992370605,NA,"TL",27541,NA,NA,NA,NA,NA,"Cape Fear, NC to Cape Canaveral, FL,1979-81","840",NA,NA,3,2003-05-13 00:00:00,NA,2003-05-13 00:00:00,NA,NA,NA
"265",1756,"Pagrus pagrus",4079,1249,27541,"female",0.899999976158142,NA,27541,1.89999997615814,NA,NA,NA,NA,NA,NA,18.7999992370605,NA,"TL",27541,26,NA,NA,NA,NA,"Cape Fear, NC to Cape Canaveral, FL,1991-94","840",NA,"Lm values taken as mid-range  of given size class.",3,2003-05-13 00:00:00,NA,2003-05-13 00:00:00,NA,NA,NA
"266",1756,"Pagrus pagrus",3582,1249,40546,"unsexed",2.5,NA,5840,NA,NA,NA,NA,NA,NA,NA,30.3999996185303,NA,"TL",5840,NA,NA,NA,NA,NA,"Carolina","840",NA,NA,2,2001-11-29 00:00:00,NA,2001-11-29 00:00:00,NA,NA,NA
"267",1756,"Pagrus pagrus",7221,1249,83835,"Unsexed",NA,NA,NA,NA,NA,NA,NA,NA,NA,NA,NA,NA,"TL",83864,25.8999996185303,NA,NA,NA,NA,"São Paulo","076",NA,NA,564,2009-11-19 00:00:00,3,2010-04-29 00:00:00,NA,NA,NA
"268",364,"Pomatomus saltatrix",700,378,4332,"female",NA,NA,NA,NA,NA,NA,NA,NA,NA,NA,NA,NA,"FL",1120,25,NA,NA,NA,NA,"Natal","710",NA,"Or 20 cm SL (Ref. 58350).",3,1993-10-17 00:00:00,2,2007-05-30 00:00:00,3,1995-04-01,NA
"269",364,"Pomatomus saltatrix",701,378,4332,"male",NA,NA,NA,NA,NA,NA,NA,NA,NA,NA,NA,NA,"FL",1120,24,NA,NA,NA,NA,"Natal","710",NA,"Or 19 cm SL (Ref. 58350).",3,1993-10-17 00:00:00,2,2007-05-30 00:00:00,3,1995-04-01,NA
"270",364,"Pomatomus saltatrix",702,378,6390,"unsexed",2,NA,27687,NA,NA,NA,NA,NA,NA,NA,30,NA,"TL",27687,NA,NA,NA,NA,NA,"eastern coasts","036",NA,"Males tend to reach maturity at a slightly smaller size than females.",2,1998-11-25 00:00:00,NA,1998-11-25 00:00:00,NA,NA,NA
"271",364,"Pomatomus saltatrix",5482,378,57037,"unsexed",NA,NA,NA,NA,NA,NA,NA,NA,NA,NA,NA,NA,"FL",57037,38,NA,NA,NA,NA,"Sénégal","686",NA,NA,2,2006-07-11 00:00:00,NA,2006-07-11 00:00:00,NA,NA,NA
"272",364,"Pomatomus saltatrix",8883,378,103182,"female",NA,NA,NA,NA,NA,NA,NA,NA,NA,NA,NA,NA,"TL",NA,35,NA,NA,NA,NA,"Rio Drande do Sul, 1976-1987","076",269,NA,2,2015-09-22 00:00:00,NA,2015-09-22 00:00:00,NA,NA,NA
"273",364,"Pomatomus saltatrix",9010,378,108834,"female",NA,NA,NA,1.89999997615814,NA,NA,NA,NA,NA,NA,NA,NA,NA,NA,NA,NA,NA,NA,NA,"Gulf of Gabès (1998-2000)","788",13,NA,2,2016-06-21 00:00:00,NA,2016-06-21 00:00:00,NA,NA,NA
"274",364,"Pomatomus saltatrix",9011,378,108834,"male",NA,NA,NA,2.40000009536743,NA,NA,NA,NA,NA,NA,NA,NA,NA,NA,NA,NA,NA,NA,NA,"Gulf of Gabès (1998-2000)","788",13,NA,2,2016-06-21 00:00:00,NA,2016-06-21 00:00:00,NA,NA,NA
"275",706,"Lithognathus mormyrus",982,722,2285,"female",NA,NA,NA,2,NA,NA,NA,NA,NA,NA,NA,NA,"SL",NA,13,NA,NA,NA,NA,"Golfe de Gabès","788",NA,NA,22,1992-03-09 00:00:00,NA,1997-12-29 00:00:00,NA,NA,NA
"276",706,"Lithognathus mormyrus",983,722,2285,"male",NA,NA,NA,2,NA,NA,NA,NA,NA,NA,NA,NA,"SL",NA,13.3000001907349,NA,NA,NA,NA,"Golfe de Gabès","788",NA,NA,22,1992-03-09 00:00:00,NA,1997-12-29 00:00:00,NA,NA,NA
"277",706,"Lithognathus mormyrus",6117,722,4781,"unsexed",NA,NA,4781,2,NA,NA,NA,NA,NA,NA,NA,NA,"TL",4781,14,NA,NA,NA,NA,"eastern Atlantic and Mediterranean Sea",NA,NA,NA,2,2008-01-09 00:00:00,NA,2008-01-09 00:00:00,NA,NA,NA
"278",706,"Lithognathus mormyrus",3995,722,45522,"female",NA,NA,45522,3,NA,NA,NA,NA,NA,NA,20.2999992370605,NA,"TL",45522,24.6000003814697,NA,NA,NA,NA,"off Gran Canaria, 1999-2000","724A",NA,NA,3,2003-02-06 00:00:00,NA,2003-02-06 00:00:00,NA,NA,NA
"279",706,"Lithognathus mormyrus",3994,722,45522,"male",NA,NA,45522,2,NA,NA,NA,NA,NA,NA,18.3999996185303,NA,"TL",45522,20.7000007629395,NA,NA,NA,NA,"off Gran Canaria, 1999-2000","724A",NA,NA,3,2003-02-06 00:00:00,NA,2003-02-06 00:00:00,NA,NA,NA
"280",706,"Lithognathus mormyrus",6803,722,56606,"unsexed",2,NA,58168,NA,NA,NA,NA,NA,NA,NA,14.1000003814697,NA,NA,NA,NA,NA,NA,NA,NA,"Eastern Spain","724",NA,NA,1723,2008-04-18 21:06:54,NA,2008-04-18 21:06:54,NA,NA,NA
"281",9192,"Pomatoschistus quagga",NA,NA,NA,NA,NA,NA,NA,NA,NA,NA,NA,NA,NA,NA,NA,NA,NA,NA,NA,NA,NA,NA,NA,NA,NA,NA,NA,NA,NA,NA,NA,NA,NA,NA
"282",1771,"Synodus saurus",NA,NA,NA,NA,NA,NA,NA,NA,NA,NA,NA,NA,NA,NA,NA,NA,NA,NA,NA,NA,NA,NA,NA,NA,NA,NA,NA,NA,NA,NA,NA,NA,NA,NA
"283",4902,"Gobius auratus",NA,NA,NA,NA,NA,NA,NA,NA,NA,NA,NA,NA,NA,NA,NA,NA,NA,NA,NA,NA,NA,NA,NA,NA,NA,NA,NA,NA,NA,NA,NA,NA,NA,NA
"284",7327,"Balistes capriscus",2678,7628,2859,"female",NA,NA,55686,1,NA,NA,NA,NA,NA,NA,13,NA,"FL",55686,14.5,NA,NA,NA,NA,"Coastal trawl surveys, Jan-Dec 1980","288",NA,NA,3,1992-03-08 00:00:00,2,2005-10-06 00:00:00,NA,NA,NA
"285",7327,"Balistes capriscus",4938,7628,54993,"female",NA,NA,NA,NA,NA,NA,NA,NA,NA,NA,NA,NA,"FL",54982,16.8999996185303,NA,NA,NA,NA,"São Paulo","076",NA,NA,3,2005-07-29 00:00:00,NA,2005-07-29 00:00:00,NA,NA,NA
"286",7327,"Balistes capriscus",4939,7628,54993,"male",NA,NA,NA,NA,NA,NA,NA,NA,NA,NA,NA,NA,"FL",54982,20,NA,NA,NA,NA,"São Paulo","076",NA,NA,3,2005-07-29 00:00:00,NA,2005-07-29 00:00:00,NA,NA,NA
"287",7327,"Balistes capriscus",7230,7628,83835,"Female",NA,NA,NA,NA,NA,NA,NA,NA,NA,NA,NA,NA,"TL",9050,17,NA,NA,NA,NA,"Southern-Southeastern region","076",NA,NA,564,2009-11-19 00:00:00,3,2010-04-29 00:00:00,NA,NA,NA
"288",7327,"Balistes capriscus",7231,7628,83835,"Male",NA,NA,NA,NA,NA,NA,NA,NA,NA,NA,NA,NA,"TL",9050,20,NA,NA,NA,NA,"Southern-Southeastern region","076",NA,NA,564,2009-11-19 00:00:00,3,2010-04-29 00:00:00,NA,NA,NA
"289",7327,"Balistes capriscus",7232,7628,103182,"female",NA,NA,NA,NA,NA,NA,NA,NA,NA,NA,NA,NA,"FL",54982,16.8999996185303,NA,NA,NA,NA,"São Paulo, 1984-1985","076",NA,NA,564,2009-11-19 00:00:00,2,2015-10-01 00:00:00,NA,NA,NA
"290",7327,"Balistes capriscus",7233,7628,103182,"male",NA,NA,NA,NA,NA,NA,NA,NA,NA,NA,NA,NA,"FL",54982,20,NA,NA,NA,NA,"São Paulo, 1984-1985","076",269,NA,564,2009-11-19 00:00:00,2,2015-10-01 00:00:00,NA,NA,NA
"291",10350,"Pempheris vanicolensis",NA,NA,NA,NA,NA,NA,NA,NA,NA,NA,NA,NA,NA,NA,NA,NA,NA,NA,NA,NA,NA,NA,NA,NA,NA,NA,NA,NA,NA,NA,NA,NA,NA,NA
"292",8969,"Taeniura grabata",NA,NA,NA,NA,NA,NA,NA,NA,NA,NA,NA,NA,NA,NA,NA,NA,NA,NA,NA,NA,NA,NA,NA,NA,NA,NA,NA,NA,NA,NA,NA,NA,NA,NA
"293",5003,"Pomadasys incisus",NA,NA,NA,NA,NA,NA,NA,NA,NA,NA,NA,NA,NA,NA,NA,NA,NA,NA,NA,NA,NA,NA,NA,NA,NA,NA,NA,NA,NA,NA,NA,NA,NA,NA
"294",14343,"Stephanolepis diaspros",NA,NA,NA,NA,NA,NA,NA,NA,NA,NA,NA,NA,NA,NA,NA,NA,NA,NA,NA,NA,NA,NA,NA,NA,NA,NA,NA,NA,NA,NA,NA,NA,NA,NA
"295",5548,"Scarus ghobban",6069,5838,34166,"unsexed",NA,NA,NA,NA,NA,NA,NA,NA,NA,NA,49,NA,"TL",34166,NA,NA,NA,NA,NA,"Asia-Pacific Region",NA,NA,NA,393,2007-12-31 00:00:00,NA,2007-12-31 00:00:00,NA,NA,NA
"296",5548,"Scarus ghobban",4972,5838,55367,"unsexed",NA,NA,NA,2,NA,NA,NA,NA,NA,NA,NA,NA,NA,NA,NA,NA,NA,NA,NA,"to be filled","690",NA,NA,2,2005-09-16 00:00:00,NA,2005-09-16 00:00:00,NA,NA,NA
"297",10994,"Parupeneus forsskali",NA,NA,NA,NA,NA,NA,NA,NA,NA,NA,NA,NA,NA,NA,NA,NA,NA,NA,NA,NA,NA,NA,NA,NA,NA,NA,NA,NA,NA,NA,NA,NA,NA,NA
"298",4706,"Plotosus lineatus",3394,4927,240,"female",1,3,NA,NA,NA,NA,NA,NA,NA,NA,NA,NA,NA,NA,14,NA,NA,NA,NA,"not specified","392",NA,NA,2,2001-07-20 00:00:00,2,2003-02-17 00:00:00,NA,NA,NA
"299",26639,"Torquigener flavimaculosus",NA,NA,NA,NA,NA,NA,NA,NA,NA,NA,NA,NA,NA,NA,NA,NA,NA,NA,NA,NA,NA,NA,NA,NA,NA,NA,NA,NA,NA,NA,NA,NA,NA,NA
"300",4761,"Lagocephalus sceleratus",10012,4986,105107,"female",NA,NA,105107,3,NA,NA,NA,NA,NA,NA,NA,NA,"TL",105107,43.2999992370605,NA,NA,NA,NA,"Attaka fishing harbor, Gulf of Suez / 2002-2003","818",1453,"Mean Lm is Lm (50%).",2448,2019-08-14 00:00:00,NA,2019-08-14 00:00:00,NA,NA,NA
"301",4761,"Lagocephalus sceleratus",10011,4986,105107,"male",NA,NA,105107,3,NA,NA,NA,NA,NA,NA,NA,NA,"TL",105107,42.0999984741211,NA,NA,NA,NA,"Attaka fishing harbor, Gulf of Suez / 2002-2003","818",1453,"Mean Lm is Lm (50%).",2448,2019-08-14 00:00:00,NA,2019-08-14 00:00:00,NA,NA,NA
"302",12629,"Cheilodipterus novemstriatus",NA,NA,NA,NA,NA,NA,NA,NA,NA,NA,NA,NA,NA,NA,NA,NA,NA,NA,NA,NA,NA,NA,NA,NA,NA,NA,NA,NA,NA,NA,NA,NA,NA,NA
"303",14419,"Serranus hepatus",8156,14218,93159,"unsexed",NA,NA,93159,3,NA,NA,NA,NA,NA,NA,NA,NA,NA,NA,7.76000022888184,NA,NA,NA,NA,"Izmir Bay, July 2004- June 2007","792",548,NA,2,2013-03-13 00:00:00,NA,2013-03-13 00:00:00,NA,NA,NA
"304",1002,"Pseudocaranx dentex",1255,1018,6390,"unsexed",NA,NA,NA,NA,NA,NA,NA,NA,NA,NA,28,NA,"TL",27245,NA,NA,NA,NA,NA,"Botany Bay, New South Wales","036",NA,NA,2,1998-12-01 00:00:00,NA,1998-12-01 00:00:00,NA,NA,NA
"305",1002,"Pseudocaranx dentex",1256,1018,9072,"unsexed",NA,NA,NA,NA,NA,NA,NA,NA,NA,NA,32,37,"FL",NA,NA,NA,NA,NA,NA,"New Zealand","554",NA,"Also Ref. 27733.",3,1996-11-02 00:00:00,2,1999-07-27 00:00:00,NA,NA,NA
"306",16905,"Sphyraena chrysotaenia",NA,NA,NA,NA,NA,NA,NA,NA,NA,NA,NA,NA,NA,NA,NA,NA,NA,NA,NA,NA,NA,NA,NA,NA,NA,NA,NA,NA,NA,NA,NA,NA,NA,NA
"307",394,"Dicentrarchus punctatus",NA,NA,NA,NA,NA,NA,NA,NA,NA,NA,NA,NA,NA,NA,NA,NA,NA,NA,NA,NA,NA,NA,NA,NA,NA,NA,NA,NA,NA,NA,NA,NA,NA,NA
"308",426,"Epinephelus aeneus",740,440,5222,"female",5,7,6712,NA,NA,NA,NA,NA,NA,NA,50,60,"TL",NA,NA,NA,NA,NA,NA,"Tunisia","788",NA,"About 1.5 to 3.0 kg.",14,1994-03-17 00:00:00,NA,1994-03-17 00:00:00,NA,NA,NA
"309",426,"Epinephelus aeneus",5481,440,57037,"unsexed",NA,NA,NA,NA,NA,NA,NA,NA,NA,NA,NA,NA,"FL",57037,40,NA,NA,NA,NA,"Sénégal","686",NA,NA,2,2006-07-11 00:00:00,NA,2006-07-11 00:00:00,NA,NA,NA
"310",1350,"Sardina pilchardus",1394,1368,839,"unsexed",NA,NA,NA,NA,NA,NA,NA,NA,NA,NA,13,14,NA,6243,NA,NA,NA,NA,NA,"Adriatic Sea","380",NA,"Range refers to mean length.",3,1993-10-28 00:00:00,NA,1994-09-28 00:00:00,NA,NA,NA
"311",1350,"Sardina pilchardus",1395,1368,839,"unsexed",NA,NA,NA,NA,NA,NA,NA,NA,NA,NA,14,15,NA,NA,NA,NA,NA,NA,NA,"Bay of Biscay","250",NA,"Range refers to mean length.",3,1993-10-28 00:00:00,65,2011-07-14 00:00:00,NA,NA,NA
"312",1350,"Sardina pilchardus",1396,1368,839,"unsexed",NA,NA,NA,NA,NA,NA,NA,NA,NA,NA,11,14,NA,6250,NA,NA,NA,NA,NA,"Formentera, Mediterranean","724",NA,"Range refers to mean length.",3,1993-10-28 00:00:00,NA,1994-09-28 00:00:00,NA,NA,NA
"313",1350,"Sardina pilchardus",1397,1368,839,"unsexed",NA,NA,NA,NA,NA,NA,NA,NA,NA,NA,NA,NA,NA,803,15,NA,NA,NA,NA,"Levante","724",NA,NA,3,1993-10-28 00:00:00,NA,1993-11-03 00:00:00,NA,NA,NA
"314",1350,"Sardina pilchardus",1398,1368,839,"unsexed",NA,NA,NA,NA,NA,NA,NA,NA,NA,NA,14.5,15,NA,6235,NA,NA,NA,NA,NA,"Portugal","620",NA,"Range refers to mean length.",3,1993-10-28 00:00:00,65,2011-07-14 00:00:00,NA,NA,NA
"315",1350,"Sardina pilchardus",1399,1368,2285,"female",NA,NA,NA,2,NA,NA,NA,NA,NA,NA,NA,NA,"TL",NA,14.6999998092651,NA,NA,NA,NA,"Tunisia","788",NA,NA,22,1992-03-09 00:00:00,2,1994-02-18 00:00:00,NA,NA,NA
"316",1350,"Sardina pilchardus",1400,1368,2285,"male",NA,NA,NA,2,NA,NA,NA,NA,NA,NA,NA,NA,"TL",NA,14.1999998092651,NA,NA,NA,NA,"Tunisia","788",NA,NA,22,1992-03-09 00:00:00,2,1994-02-18 00:00:00,NA,NA,NA
"317",1350,"Sardina pilchardus",1401,1368,6014,"female",NA,NA,NA,NA,NA,NA,NA,NA,NA,NA,NA,NA,"TL",6014,15,NA,NA,NA,NA,"Gulf of Biscay","250",NA,NA,3,1993-10-19 00:00:00,65,2011-07-14 00:00:00,NA,NA,NA
"318",1350,"Sardina pilchardus",1402,1368,6014,"male",NA,NA,NA,NA,NA,NA,NA,NA,NA,NA,NA,NA,"TL",6014,15,NA,NA,NA,NA,"Gulf of Biscay","250",NA,NA,3,1993-10-19 00:00:00,65,2011-07-14 00:00:00,NA,NA,NA
"319",1350,"Sardina pilchardus",1403,1368,6104,"unsexed",NA,NA,NA,NA,NA,NA,NA,NA,NA,NA,NA,NA,NA,6122,14,NA,NA,NA,NA,"Adriatic Sea","380",NA,NA,3,1993-09-21 00:00:00,NA,1993-09-21 00:00:00,NA,NA,NA
"320",1350,"Sardina pilchardus",1404,1368,7253,"unsexed",NA,NA,NA,NA,NA,NA,NA,NA,NA,NA,13,14,NA,NA,NA,NA,NA,NA,NA,"Gulf of Lion","250",NA,NA,3,1995-12-03 00:00:00,NA,1995-12-03 00:00:00,NA,NA,NA
"321",1350,"Sardina pilchardus",1405,1368,28710,"unsexed",NA,NA,NA,NA,NA,NA,NA,NA,NA,NA,NA,NA,"TL",28710,15.3999996185303,NA,NA,NA,NA,"Northwest Africa (27°-29° N), 1976-82","504",NA,NA,3,1999-03-23 00:00:00,NA,1999-03-23 00:00:00,NA,NA,NA
"322",1350,"Sardina pilchardus",3495,1368,40546,"unsexed",NA,NA,40552,1.70000004768372,NA,NA,NA,NA,NA,NA,NA,NA,NA,40552,11.1000003814697,NA,NA,NA,NA,"Baie d'Oran","012",NA,NA,2,2001-11-08 00:00:00,NA,2001-11-08 00:00:00,NA,NA,NA
"323",1350,"Sardina pilchardus",3497,1368,40546,"unsexed",NA,NA,10166,1,NA,NA,NA,NA,NA,NA,NA,NA,NA,10166,15,NA,NA,NA,NA,"Bay of Biscay",NA,NA,NA,2,2001-11-08 00:00:00,65,2011-07-14 00:00:00,NA,NA,NA
"324",1350,"Sardina pilchardus",3494,1368,40546,"unsexed",NA,NA,6122,2,NA,NA,NA,NA,NA,NA,NA,NA,NA,6122,14,NA,NA,NA,NA,"Mediterranean Sea",NA,NA,NA,2,2001-11-08 00:00:00,NA,2001-11-08 00:00:00,NA,NA,NA
"325",1350,"Sardina pilchardus",7881,1368,90884,"unsexed",NA,NA,90884,NA,NA,NA,NA,NA,NA,NA,14.5,NA,"TL",NA,16.7999992370605,NA,NA,NA,NA,"North France, Bay of Biscay ( Mar-Jun 2000-2003)","250",8,NA,2,2012-08-24 00:00:00,NA,2012-08-24 00:00:00,NA,NA,NA
"326",1350,"Sardina pilchardus",6844,56809,75215,"unsexed",NA,NA,NA,NA,NA,NA,NA,NA,NA,NA,14,15,"TL",NA,NA,NA,NA,NA,NA,"not specified ","620",NA,NA,1790,2008-04-29 17:50:33,2,2012-08-24 00:00:00,NA,NA,NA
"327",1119,"Abudefduf saxatilis",8892,1135,103182,"unsexed",NA,NA,NA,NA,NA,NA,NA,NA,NA,NA,10.1000003814697,NA,"TL",104664,15,NA,NA,NA,NA,"São Paulo","076",269,NA,2,2015-09-24 00:00:00,NA,2015-09-24 00:00:00,NA,NA,NA
"328",1493,"Herklotsichthys punctatus",NA,NA,NA,NA,NA,NA,NA,NA,NA,NA,NA,NA,NA,NA,NA,NA,NA,NA,NA,NA,NA,NA,NA,NA,NA,NA,NA,NA,NA,NA,NA,NA,NA,NA
"329",692,"Lichia amia",964,708,4332,"unsexed",NA,NA,NA,NA,NA,NA,NA,NA,NA,NA,60,NA,"FL",NA,NA,NA,NA,NA,NA,"South Africa","710",NA,"60 cm is the approximate length at maturity. Or 58 cm SL (Ref. 58350).",3,1993-10-13 00:00:00,2,2007-05-30 00:00:00,3,1995-04-01,NA
"330",NA,"Clupeidae",NA,NA,NA,NA,NA,NA,NA,NA,NA,NA,NA,NA,NA,NA,NA,NA,NA,NA,NA,NA,NA,NA,NA,NA,NA,NA,NA,NA,NA,NA,NA,NA,NA,NA
"331",NA,"Labridae",NA,NA,NA,NA,NA,NA,NA,NA,NA,NA,NA,NA,NA,NA,NA,NA,NA,NA,NA,NA,NA,NA,NA,NA,NA,NA,NA,NA,NA,NA,NA,NA,NA,NA
"332",NA,"Symphodus spp",NA,NA,NA,NA,NA,NA,NA,NA,NA,NA,NA,NA,NA,NA,NA,NA,NA,NA,NA,NA,NA,NA,NA,NA,NA,NA,NA,NA,NA,NA,NA,NA,NA,NA
"333",4330,"Myliobatis aquila",2141,4518,231,"female",NA,NA,NA,NA,NA,NA,NA,NA,NA,NA,60,NA,"WD",NA,NA,NA,NA,NA,NA,"to be filled",NA,NA,NA,2,1991-05-31 00:00:00,NA,1994-09-29 00:00:00,NA,NA,NA
"334",4330,"Myliobatis aquila",2142,4518,231,"male",NA,NA,NA,NA,NA,NA,NA,NA,NA,NA,40,NA,"WD",NA,NA,NA,NA,NA,NA,"to be filled",NA,NA,NA,2,1991-05-31 00:00:00,NA,1994-09-29 00:00:00,NA,NA,NA
"335",4330,"Myliobatis aquila",2143,4518,4332,"female",NA,NA,NA,NA,NA,NA,NA,NA,NA,NA,70,NA,"WD",NA,NA,NA,NA,NA,NA,"South Africa","710",NA,NA,3,1993-10-16 00:00:00,NA,1993-10-16 00:00:00,3,1995-04-01,NA
"336",4330,"Myliobatis aquila",2144,4518,4332,"male",NA,NA,NA,NA,NA,NA,NA,NA,NA,NA,50,NA,"WD",NA,NA,NA,NA,NA,NA,"South Africa","710",NA,NA,3,1993-10-16 00:00:00,NA,1993-10-16 00:00:00,3,1995-04-01,NA
"337",1278,"Trachurus mediterraneus",1345,1295,27030,"female",NA,NA,NA,NA,NA,NA,NA,NA,NA,NA,NA,NA,"TL",27036,20,NA,NA,NA,NA,"Saronikos Gulf, 1989-92","300",NA,NA,3,1998-07-30 00:00:00,NA,1998-07-30 00:00:00,NA,NA,NA
"338",1278,"Trachurus mediterraneus",9006,1295,108834,"female",NA,NA,27036,1.39999997615814,NA,NA,NA,NA,NA,NA,NA,NA,NA,NA,NA,NA,NA,NA,NA,"Aegean Sea (1989-1991)",NA,548,NA,2,2016-06-21 00:00:00,NA,2016-06-21 00:00:00,NA,NA,NA
"339",790,"Mullus barbatus",1039,806,6104,"female",NA,NA,NA,NA,NA,NA,NA,NA,NA,NA,NA,NA,NA,NA,11.1999998092651,NA,NA,NA,NA,"Euboikos Gulf","300",NA,NA,3,1993-09-21 00:00:00,NA,1993-09-21 00:00:00,NA,NA,NA
"340",790,"Mullus barbatus",1040,806,6104,"male",NA,NA,NA,NA,NA,NA,NA,NA,NA,NA,NA,NA,NA,NA,10.3000001907349,NA,NA,NA,NA,"Euboikos Gulf","300",NA,NA,3,1993-09-21 00:00:00,NA,1993-09-21 00:00:00,NA,NA,NA
"341",790,"Mullus barbatus",1041,806,27030,"female",NA,NA,NA,NA,NA,NA,NA,NA,NA,NA,NA,NA,"FL",27049,10.5,NA,NA,NA,NA,"Central Aegean Sea, 1990-92","300",NA,NA,3,1998-07-29 00:00:00,NA,1998-07-29 00:00:00,NA,NA,NA
"342",790,"Mullus barbatus",1042,806,27030,"female",NA,NA,NA,NA,NA,NA,NA,NA,NA,NA,NA,NA,"TL",27085,10.5,NA,NA,NA,NA,"Ionian Sea, 1983-85","300",NA,NA,3,1998-07-29 00:00:00,NA,1998-07-29 00:00:00,NA,NA,NA
"343",790,"Mullus barbatus",1043,806,27030,"female",NA,NA,NA,NA,NA,NA,NA,NA,NA,NA,NA,NA,"TL",27085,11.5,NA,NA,NA,NA,"Korinthiakos Gulf, 1983-85","300",NA,NA,3,1998-07-29 00:00:00,NA,1998-07-29 00:00:00,NA,NA,NA
"344",790,"Mullus barbatus",1044,806,27030,"female",NA,NA,NA,NA,NA,NA,NA,NA,NA,NA,NA,NA,"FL",27054,10.5,NA,NA,NA,NA,"North Evvoikos Gulf, 1986-88","300",NA,NA,3,1998-07-29 00:00:00,NA,1998-07-29 00:00:00,NA,NA,NA
"345",790,"Mullus barbatus",1045,806,27030,"female",NA,NA,NA,NA,NA,NA,NA,NA,NA,NA,NA,NA,"FL",27054,10.5,NA,NA,NA,NA,"Pagasitikos Gulf, 1986-88","300",NA,NA,3,1998-07-29 00:00:00,NA,1998-07-29 00:00:00,NA,NA,NA
"346",790,"Mullus barbatus",1046,806,27030,"female",NA,NA,NA,NA,NA,NA,NA,NA,NA,NA,NA,NA,"TL",27085,12.5,NA,NA,NA,NA,"Patriakos Gulf, 1983-85","300",NA,NA,3,1998-07-29 00:00:00,NA,1998-07-29 00:00:00,NA,NA,NA
"347",790,"Mullus barbatus",1047,806,27030,"female",NA,NA,NA,NA,NA,NA,NA,NA,NA,NA,NA,NA,"FL",27054,11.5,NA,NA,NA,NA,"South Evvoikos Gulf, 1986-88","300",NA,NA,3,1998-07-29 00:00:00,NA,1998-07-29 00:00:00,NA,NA,NA
"348",790,"Mullus barbatus",9009,806,108834,"female",NA,NA,NA,1,NA,NA,NA,NA,NA,NA,NA,NA,NA,NA,NA,NA,NA,NA,NA,"Adriatic Sea (1972-1975)",NA,546,NA,2,2016-06-21 00:00:00,2,2016-12-08 00:00:00,NA,NA,NA
"349",790,"Mullus barbatus",9008,806,108834,"male",NA,NA,NA,1,NA,NA,NA,NA,NA,NA,NA,NA,NA,NA,NA,NA,NA,NA,NA,"Adriatic Sea (1972-1975)",NA,546,NA,2,2016-06-21 00:00:00,NA,2016-06-21 00:00:00,NA,NA,NA
"350",790,"Mullus barbatus",9007,806,108834,"mixed",NA,NA,90369,1.89999997615814,NA,NA,NA,NA,NA,NA,NA,NA,NA,NA,NA,NA,NA,NA,NA,"Mediterranean coast (1995-1998)",NA,13,NA,2,2016-06-21 00:00:00,NA,2016-06-21 00:00:00,NA,NA,NA
"351",NA,"Belonidae",NA,NA,NA,NA,NA,NA,NA,NA,NA,NA,NA,NA,NA,NA,NA,NA,NA,NA,NA,NA,NA,NA,NA,NA,NA,NA,NA,NA,NA,NA,NA,NA,NA,NA
"352",4540,"Pagrus caeruleostictus",6123,4725,4781,"unsexed",NA,NA,4781,2,NA,NA,NA,NA,NA,NA,NA,NA,"TL",4781,20,NA,NA,NA,NA,"Eastern Atlantic and Mediterranean seas",NA,NA,NA,2,2008-01-09 00:00:00,NA,2013-04-30 00:00:00,NA,NA,NA
"353",4540,"Pagrus caeruleostictus",2246,4725,27160,"female",NA,NA,NA,NA,NA,NA,NA,NA,NA,NA,17,23,"FL",27160,18.7000007629395,NA,NA,NA,NA,"Rio Grande de Buba","624",NA,NA,3,1998-08-02 00:00:00,NA,1998-08-02 00:00:00,NA,NA,NA
"354",4540,"Pagrus caeruleostictus",2247,4725,27160,"unsexed",NA,NA,NA,NA,NA,NA,NA,NA,NA,NA,NA,NA,"TL",NA,20,NA,NA,NA,NA,"Ghana","288",NA,"Source: Rijavec, 1973 (missing in bibliography of Main Ref. 27160).",3,1998-08-02 00:00:00,3,2018-04-18 00:00:00,NA,NA,NA
"355",4540,"Pagrus caeruleostictus",2248,4725,27160,"unsexed",NA,NA,NA,NA,NA,NA,NA,NA,NA,NA,14,NA,"FL",27200,22,NA,NA,NA,NA,"Gulf of Guinea",NA,NA,NA,3,1998-08-02 00:00:00,NA,1998-09-03 00:00:00,NA,NA,NA
"356",4540,"Pagrus caeruleostictus",6864,4725,56606,"unsexed",NA,NA,NA,NA,NA,NA,NA,NA,NA,NA,16,18,NA,75539,NA,NA,NA,NA,NA,"North-West coast of Africa",NA,NA,NA,1723,2008-04-29 23:13:58,NA,2008-04-29 23:13:58,NA,NA,NA
"357",4540,"Pagrus caeruleostictus",5480,4725,57037,"unsexed",NA,NA,NA,NA,NA,NA,NA,NA,NA,NA,NA,NA,"FL",57037,23,NA,NA,NA,NA,"Sénégal","686",NA,NA,2,2006-07-11 00:00:00,NA,2006-07-11 00:00:00,NA,NA,NA
"358",1702,"Parablennius tentacularis",NA,NA,NA,NA,NA,NA,NA,NA,NA,NA,NA,NA,NA,NA,NA,NA,NA,NA,NA,NA,NA,NA,NA,NA,NA,NA,NA,NA,NA,NA,NA,NA,NA,NA
"359",7797,"Pterois miles",NA,NA,NA,NA,NA,NA,NA,NA,NA,NA,NA,NA,NA,NA,NA,NA,NA,NA,NA,NA,NA,NA,NA,NA,NA,NA,NA,NA,NA,NA,NA,NA,NA,NA
"360",97,"Euthynnus alletteratus",257,111,168,"unsexed",NA,NA,NA,NA,NA,NA,NA,NA,NA,NA,45,NA,NA,168,NA,NA,NA,NA,NA,"Gulf of Guinea",NA,NA,NA,421,1994-03-17 00:00:00,NA,1999-05-27 00:00:00,NA,NA,NA
"361",97,"Euthynnus alletteratus",258,111,168,"unsexed",NA,NA,NA,NA,NA,NA,NA,NA,NA,NA,35,NA,NA,NA,NA,NA,NA,NA,NA,"off Florida","840",NA,NA,18,1994-03-17 00:00:00,NA,1994-10-01 00:00:00,NA,NA,NA
"362",97,"Euthynnus alletteratus",259,111,168,"unsexed",NA,NA,NA,NA,NA,NA,NA,NA,NA,NA,40,NA,NA,NA,NA,NA,NA,NA,NA,"Sénégal","686",NA,NA,18,1994-03-17 00:00:00,NA,1994-10-01 00:00:00,NA,NA,NA
"363",97,"Euthynnus alletteratus",260,111,168,"unsexed",NA,NA,NA,NA,NA,NA,NA,NA,NA,NA,57,NA,NA,NA,NA,NA,NA,NA,NA,"Spain","724",NA,NA,18,1994-03-16 00:00:00,NA,1994-03-17 00:00:00,NA,NA,NA
"364",97,"Euthynnus alletteratus",261,111,1300,"female",NA,NA,NA,NA,NA,NA,NA,NA,NA,NA,NA,NA,"FL",NA,39.7000007629395,NA,NA,NA,NA,"Cape verde","132",NA,NA,421,1999-05-27 00:00:00,NA,2001-11-29 00:00:00,NA,NA,NA
"365",97,"Euthynnus alletteratus",262,111,1300,"male",NA,NA,NA,NA,NA,NA,NA,NA,NA,NA,NA,NA,"FL",1300,38.5999984741211,NA,NA,NA,NA,"Cape verde","132",NA,NA,421,1999-05-27 00:00:00,NA,1999-05-27 00:00:00,NA,NA,NA
"366",97,"Euthynnus alletteratus",263,111,6104,"unsexed",NA,NA,NA,NA,NA,NA,NA,NA,NA,NA,NA,NA,NA,6119,41,NA,NA,NA,NA,"Tunisia","788",NA,NA,3,1993-09-21 00:00:00,NA,1993-09-21 00:00:00,NA,NA,NA
"367",97,"Euthynnus alletteratus",264,111,28173,"female",NA,NA,NA,2,NA,NA,NA,NA,NA,NA,NA,60,"FL",28173,43,NA,NA,NA,NA,"coasts off senegal","686",NA,NA,379,1999-02-24 00:00:00,421,1999-05-27 00:00:00,421,1999-05-27,NA
"368",97,"Euthynnus alletteratus",265,111,28173,"male",NA,NA,NA,2,NA,NA,NA,NA,NA,NA,NA,58,"FL",28173,41,NA,NA,NA,NA,"Not specified.","686",NA,NA,379,1999-02-24 00:00:00,421,1999-05-27 00:00:00,421,1999-05-27,NA
"369",97,"Euthynnus alletteratus",266,111,30417,"mixed",NA,NA,NA,NA,NA,NA,NA,NA,NA,NA,44.2000007629395,44.7000007629395,"FL",NA,NA,NA,NA,NA,NA,"Gulf of guinea","384",NA,NA,421,1999-05-27 00:00:00,NA,1999-05-27 00:00:00,NA,NA,NA
"370",97,"Euthynnus alletteratus",267,111,30419,"female",NA,NA,NA,NA,NA,NA,NA,NA,NA,NA,NA,NA,"FL",NA,42.7999992370605,NA,NA,NA,NA,"Gulf of guinea","324",NA,NA,421,1999-05-27 00:00:00,NA,2001-11-29 00:00:00,NA,NA,NA
"371",97,"Euthynnus alletteratus",268,111,30419,"male",NA,NA,NA,NA,NA,NA,NA,NA,NA,NA,NA,NA,"FL",NA,44,NA,NA,NA,NA,"Gulf of Guinea","324",NA,NA,421,1999-05-27 00:00:00,NA,1999-05-27 00:00:00,NA,NA,NA
"372",97,"Euthynnus alletteratus",3905,111,41563,"unsexed",NA,NA,NA,NA,NA,NA,NA,NA,NA,NA,69.8000030517578,83.5,"FL",41563,NA,NA,NA,NA,NA,"Aegean and Mediterranean Seas","792",NA,"Upper and lower length range is the average length of fish with gonads in maturity stages III to V.",3,2002-08-22 00:00:00,NA,2002-08-22 00:00:00,NA,NA,NA
"373",1363,"Trachinus draco",10046,1381,121319,"female",NA,NA,NA,NA,NA,NA,NA,NA,NA,NA,NA,NA,"TL",121319,12.0100002288818,NA,NA,NA,NA,"eastern Black Sea / 2009-2010",NA,143,"Mean Lm is Lm(50%).",2448,2019-12-04 00:00:00,NA,2019-12-04 00:00:00,NA,NA,NA
"374",NA,"Atherina spp",NA,NA,NA,NA,NA,NA,NA,NA,NA,NA,NA,NA,NA,NA,NA,NA,NA,NA,NA,NA,NA,NA,NA,NA,NA,NA,NA,NA,NA,NA,NA,NA,NA,NA
